date,market_daily_return,market_return_streak,market_volatility_5,market_ma_ratio_5,ticker_news_article_count,ticker_news_average_sentiment,ticker_news_positive_count,ticker_news_negative_count,ticker_news_neutral_count,ticker_news_weighted_sentiment,market_news_article_count,market_news_average_sentiment,market_news_positive_count,market_news_negative_count,market_news_neutral_count,market_news_weighted_sentiment,ticker_news_sentiment_3d,ticker_news_positive_share_3d,ticker_news_negative_share_3d,ticker_news_sentiment_7d,ticker_news_positive_share_7d,ticker_news_negative_share_7d,market_news_sentiment_3d,market_news_positive_share_3d,market_news_negative_share_3d,market_news_sentiment_7d,market_news_positive_share_7d,market_news_negative_share_7d,ticker,market_symbol
2025-04-21,,0.0,,,0,0.5,0,0,0,0.5,0,0.5,0,0,0,0.5,0.5,0.0,0.0,0.5,0.0,0.0,0.5,0.0,0.0,0.5,0.0,0.0,AAPL,SPY
2025-04-22,0.02601773758493775,1.0,,,0,0.5,0,0,0,0.5,0,0.5,0,0,0,0.5,0.5,0.0,0.0,0.5,0.0,0.0,0.5,0.0,0.0,0.5,0.0,0.0,AAPL,SPY
2025-04-23,0.015495463082325855,2.0,,,0,0.5,0,0,0,0.5,0,0.5,0,0,0,0.5,0.5,0.0,0.0,0.5,0.0,0.0,0.5,0.0,0.0,0.5,0.0,0.0,AAPL,SPY
2025-04-24,0.02104893334386637,3.0,,,0,0.5,0,0,0,0.5,0,0.5,0,0,0,0.5,0.5,0.0,0.0,0.5,0.0,0.0,0.5,0.0,0.0,0.5,0.0,0.0,AAPL,SPY
2025-04-25,0.00722532365580375,4.0,,1.0296647823442067,0,0.5,0,0,0,0.5,0,0.5,0,0,0,0.5,0.5,0.0,0.0,0.5,0.0,0.0,0.5,0.0,0.0,0.5,0.0,0.0,AAPL,SPY
2025-04-28,0.00038130345037501456,5.0,0.010340567283685804,1.0160097027628279,0,0.5,0,0,0,0.5,0,0.5,0,0,0,0.5,0.5,0.0,0.0,0.5,0.0,0.0,0.5,0.0,0.0,0.5,0.0,0.0,AAPL,SPY
2025-04-29,0.006299413437552026,6.0,0.008157066826816705,1.0123013287171156,0,0.5,0,0,0,0.5,0,0.5,0,0,0,0.5,0.5,0.0,0.0,0.5,0.0,0.0,0.5,0.0,0.0,0.5,0.0,0.0,AAPL,SPY
2025-04-30,0.000396829809890642,7.0,0.008445388797873682,1.0056799728093098,0,0.5,0,0,0,0.5,0,0.5,0,0,0,0.5,0.5,0.0,0.0,0.5,0.0,0.0,0.5,0.0,0.0,0.5,0.0,0.0,AAPL,SPY
2025-05-01,0.007086942026725218,8.0,0.003567587082486286,1.0084981716698838,0,0.5,0,0,0,0.5,0,0.5,0,0,0,0.5,0.5,0.0,0.0,0.5,0.0,0.0,0.5,0.0,0.0,0.5,0.0,0.0,AAPL,SPY
2025-05-02,0.014844198430334021,9.0,0.0059636327879046954,1.017544402554406,0,0.5,0,0,0,0.5,0,0.5,0,0,0,0.5,0.5,0.0,0.0,0.5,0.0,0.0,0.5,0.0,0.0,0.5,0.0,0.0,AAPL,SPY
2025-05-05,-0.005734349537724115,-1.0,0.007721392682558468,1.0071311386246382,0,0.5,0,0,0,0.5,0,0.5,0,0,0,0.5,0.5,0.0,0.0,0.5,0.0,0.0,0.5,0.0,0.0,0.5,0.0,0.0,AAPL,SPY
2025-05-06,-0.008358364343191038,-2.0,0.00948569419959462,0.9971164216522856,0,0.5,0,0,0,0.5,0,0.5,0,0,0,0.5,0.5,0.0,0.0,0.5,0.0,0.0,0.5,0.0,0.0,0.5,0.0,0.0,AAPL,SPY
2025-05-07,0.0042055058561747405,1.0,0.00951308324444666,0.9989532912608589,0,0.5,0,0,0,0.5,0,0.5,0,0,0,0.5,0.5,0.0,0.0,0.5,0.0,0.0,0.5,0.0,0.0,0.5,0.0,0.0,AAPL,SPY
2025-05-08,0.0069677857514378605,2.0,0.00949857234876187,1.0035591338665506,0,0.5,0,0,0,0.5,0,0.5,0,0,0,0.5,0.5,0.0,0.0,0.5,0.0,0.0,0.5,0.0,0.0,0.5,0.0,0.0,AAPL,SPY
2025-05-09,-0.0012741491279434358,-1.0,0.006463118146052918,1.0031427400385526,0,0.5,0,0,0,0.5,16,0.46875,2,3,11,0.45292429531026607,0.5,0.0,0.0,0.5,0.0,0.0,0.45292429531026607,0.125,0.1875,0.45292429531026607,0.125,0.1875,AAPL,SPY
2025-05-12,0.03304738719814848,1.0,0.015736768987464372,1.0291666690909713,0,0.5,0,0,0,0.5,25,0.44,5,8,12,0.44171984752557353,0.5,0.0,0.0,0.5,0.0,0.0,0.44609231495374624,0.17073170731707318,0.2682926829268293,0.44609231495374624,0.17073170731707318,0.2682926829268293,AAPL,SPY
2025-05-13,0.006603949785734642,2.0,0.013346832247463898,1.0258077831120964,0,0.5,0,0,0,0.5,32,0.296875,4,17,11,0.30919378250106316,0.5,0.0,0.0,0.5,0.0,0.0,0.38608199935804954,0.1506849315068493,0.3835616438356164,0.38608199935804954,0.1506849315068493,0.3835616438356164,AAPL,SPY
2025-05-14,0.0012780314322096142,3.0,0.013718672423311174,1.0177115527491212,3,0.6666666666666666,1,0,2,0.6936583212638533,23,0.3695652173913043,4,10,9,0.34495927880048216,0.6936583212638533,0.3333333333333333,0.0,0.6936583212638533,0.3333333333333333,0.0,0.36089075800730563,0.1625,0.4375,0.37622968089113235,0.15625,0.3958333333333333,AAPL,SPY
2025-05-15,0.004884349607746863,4.0,0.013839264840870776,1.0137627019294664,54,0.42592592592592593,13,21,20,0.418246010070468,31,0.41935483870967744,6,11,14,0.43210189119811837,0.4327413948701199,0.24561403508771928,0.3684210526315789,0.4327413948701199,0.24561403508771928,0.3684210526315789,0.36306305906496256,0.16279069767441862,0.4418604651162791,0.38986777947000295,0.16535433070866143,0.3858267716535433,AAPL,SPY
2025-05-16,0.00633402786844095,5.0,0.012820633930682595,1.0098297742217088,52,0.5192307692307693,15,13,24,0.516918085296202,19,0.7368421052631579,11,2,6,0.7300591315067436,0.4728990820458655,0.26605504587155965,0.3119266055045872,0.4728990820458655,0.26605504587155965,0.3119266055045872,0.48219651422165605,0.2876712328767123,0.3150684931506849,0.43413925678985277,0.2191780821917808,0.3493150684931507,AAPL,SPY
2025-05-19,0.0010938461217664397,6.0,0.002685964210107594,1.006875499846541,50,0.36,10,24,16,0.34770134920734896,28,0.35714285714285715,7,15,6,0.34113111657019396,0.42852623358702063,0.24358974358974358,0.3717948717948718,0.43352872580733826,0.24528301886792453,0.36477987421383645,0.472025043458144,0.3076923076923077,0.358974358974359,0.4191724296280686,0.22413793103448276,0.3793103448275862,AAPL,SPY
2025-05-20,-0.0033621922872737464,-1.0,0.0037811482148550598,1.0014526818712897,36,0.5277777777777778,12,10,14,0.5275601088549615,30,0.43333333333333335,9,13,8,0.4261395990334396,0.4583838537286128,0.26811594202898553,0.34057971014492755,0.4508883657545918,0.26153846153846155,0.3487179487179487,0.4702205549817759,0.35064935064935066,0.38961038961038963,0.417411712772994,0.24468085106382978,0.40425531914893614,AAPL,SPY
2025-05-21,-0.016850789652983478,-2.0,0.009326606187354421,0.9861533001431441,0,0.5,0,0,0,0.5,0,0.5,0,0,0,0.5,0.42299106254821006,0.2558139534883721,0.3953488372093023,0.4508883657545918,0.26153846153846155,0.3487179487179487,0.38510102129256235,0.27586206896551724,0.4827586206896552,0.41368347124652477,0.25153374233128833,0.4171779141104294,AAPL,SPY
2025-05-22,0.00039467712604679406,1.0,0.008746728990241606,0.9890089924599524,0,0.5,0,0,0,0.5,0,0.5,0,0,0,0.5,0.5275601088549615,0.3333333333333333,0.2777777777777778,0.4508883657545918,0.26153846153846155,0.3487179487179487,0.4261395990334396,0.3,0.43333333333333335,0.43920767002404204,0.2824427480916031,0.3893129770992366,AAPL,SPY
2025-05-23,-0.006825775301577575,-1.0,0.007290988192889246,0.9873122851432952,0,0.5,0,0,0,0.5,0,0.5,0,0,0,0.5,0.5,0.0,0.0,0.44709508519975955,0.2604166666666667,0.3541666666666667,0.5,0.0,0.0,0.45927908667350387,0.3055555555555556,0.37962962962962965,AAPL,SPY
2025-05-27,0.02079059136787431,1.0,0.013850960713328593,1.0091121808819092,0,0.5,0,0,0,0.5,0,0.5,0,0,0,0.5,0.5,0.0,0.0,0.4583838537286128,0.26811594202898553,0.34057971014492755,0.5,0.0,0.0,0.4702205549817759,0.35064935064935066,0.38961038961038963,AAPL,SPY
2025-05-28,-0.005785407771406903,-1.0,0.013988521690559147,1.0050308487486275,0,0.5,0,0,0,0.5,0,0.5,0,0,0,0.5,0.5,0.0,0.0,0.42299106254821006,0.2558139534883721,0.3953488372093023,0.5,0.0,0.0,0.38510102129256235,0.27586206896551724,0.4827586206896552,AAPL,SPY
2025-05-29,0.003947403401760141,1.0,0.011143283494527988,1.0065230590421375,0,0.5,0,0,0,0.5,0,0.5,0,0,0,0.5,0.5,0.0,0.0,0.5275601088549615,0.3333333333333333,0.2777777777777778,0.5,0.0,0.0,0.4261395990334396,0.3,0.43333333333333335,AAPL,SPY
2025-05-30,-0.0011185037847383228,-1.0,0.011235071391529091,1.003240955730058,0,0.5,0,0,0,0.5,0,0.5,0,0,0,0.5,0.5,0.0,0.0,0.5,0.0,0.0,0.5,0.0,0.0,0.5,0.0,0.0,AAPL,SPY
2025-06-02,0.005632954820585345,1.0,0.01005164765140897,1.0042426137457467,0,0.5,0,0,0,0.5,0,0.5,0,0,0,0.5,0.5,0.0,0.0,0.5,0.0,0.0,0.5,0.0,0.0,0.5,0.0,0.0,AAPL,SPY
2025-06-03,0.005702628195088044,2.0,0.005012792551315856,1.008281580082416,0,0.5,0,0,0,0.5,0,0.5,0,0,0,0.5,0.5,0.0,0.0,0.5,0.0,0.0,0.5,0.0,0.0,0.5,0.0,0.0,AAPL,SPY
2025-06-04,-0.0002684731709600152,-1.0,0.0032609605458464516,1.0052223452784745,0,0.5,0,0,0,0.5,0,0.5,0,0,0,0.5,0.5,0.0,0.0,0.5,0.0,0.0,0.5,0.0,0.0,0.5,0.0,0.0,AAPL,SPY
2025-06-05,-0.004832790626766448,-2.0,0.004574243889294672,0.9993528834033671,0,0.5,0,0,0,0.5,0,0.5,0,0,0,0.5,0.5,0.0,0.0,0.5,0.0,0.0,0.5,0.0,0.0,0.5,0.0,0.0,AAPL,SPY
2025-06-06,0.010268994150278488,1.0,0.005887666385341903,1.0063085434004422,0,0.5,0,0,0,0.5,0,0.5,0,0,0,0.5,0.5,0.0,0.0,0.5,0.0,0.0,0.5,0.0,0.0,0.5,0.0,0.0,AAPL,SPY
2025-06-09,0.0009012551559597348,2.0,0.005798668711315169,1.0048627625881774,0,0.5,0,0,0,0.5,0,0.5,0,0,0,0.5,0.5,0.0,0.0,0.5,0.0,0.0,0.5,0.0,0.0,0.5,0.0,0.0,AAPL,SPY
2025-06-10,0.005669731282665458,3.0,0.005793936555512728,1.0081982829556437,18,0.5555555555555556,3,1,14,0.5696509380633121,29,0.4827586206896552,7,8,14,0.5097989032294045,0.5696509380633121,0.16666666666666666,0.05555555555555555,0.5696509380633121,0.16666666666666666,0.05555555555555555,0.5097989032294045,0.2413793103448276,0.27586206896551724,0.5097989032294045,0.2413793103448276,0.27586206896551724,AAPL,SPY
2025-06-11,-0.0028520788113346462,-1.0,0.0061874340659870625,1.0035009492368165,25,0.52,8,7,10,0.5005793132234576,34,0.5,11,11,12,0.4937773133686082,0.529493016644792,0.2558139534883721,0.18604651162790697,0.529493016644792,0.2558139534883721,0.18604651162790697,0.5011523309235779,0.2857142857142857,0.30158730158730157,0.5011523309235779,0.2857142857142857,0.30158730158730157,AAPL,SPY
2025-06-12,0.003974349319302073,1.0,0.004944989072200374,1.0039042072345112,32,0.359375,4,13,15,0.3229143139944193,34,0.4264705882352941,6,11,17,0.42479447640242696,0.44135277018063296,0.2,0.28,0.44135277018063296,0.2,0.28,0.47438772212234975,0.24742268041237114,0.30927835051546393,0.47438772212234975,0.24742268041237114,0.30927835051546393,AAPL,SPY
2025-06-13,-0.011180124223602483,-1.0,0.006697974483106195,0.9933874027330715,33,0.6212121212121212,14,6,13,0.6373444270416058,24,0.4166666666666667,6,10,8,0.3869620998461429,0.48755674411978717,0.28888888888888886,0.28888888888888886,0.5012391097770413,0.26851851851851855,0.25,0.4404188179187242,0.25,0.34782608695652173,0.45704710282789546,0.24793388429752067,0.3305785123966942,AAPL,SPY
2025-06-16,0.00951422558757331,1.0,0.008159901015815483,1.001838499759197,35,0.4142857142857143,4,10,21,0.4143969276053005,34,0.5735294117647058,11,6,17,0.5559154886475901,0.45869516606379923,0.22,0.29,0.4799840302245173,0.23076923076923078,0.25874125874125875,0.46338292617400006,0.25,0.29347826086956524,0.47873436165286076,0.2645161290322581,0.2967741935483871,AAPL,SPY
2025-06-17,-0.008545104270081039,-1.0,0.008601500856098687,0.9951138250406165,24,0.4583333333333333,6,8,10,0.44575786914521115,32,0.4375,8,12,12,0.42208792134617357,0.5025483415004736,0.2608695652173913,0.2608695652173913,0.47506530048856915,0.23353293413173654,0.2694610778443114,0.46327811659336715,0.2777777777777778,0.3111111111111111,0.46904085315118166,0.2620320855614973,0.31016042780748665,AAPL,SPY
2025-06-18,-0.00015066498929716676,-2.0,0.008605130125472822,0.9962646704522957,28,0.6964285714285714,14,3,11,0.686067655942501,28,0.4642857142857143,5,7,16,0.44997495292202083,0.5104824792190875,0.27586206896551724,0.2413793103448276,0.5053630746050312,0.2717948717948718,0.24615384615384617,0.4788004125416192,0.2553191489361702,0.26595744680851063,0.46655785219110496,0.25116279069767444,0.3023255813953488,AAPL,SPY
2025-06-20,-0.005289189092826385,-3.0,0.008178368258375555,0.9941350560529852,0,0.5,0,0,0,0.5,0,0.5,0,0,0,0.5,0.5751554466514441,0.38461538461538464,0.21153846153846154,0.49882532577876537,0.2824858757062147,0.2655367231638418,0.43510186941490225,0.21666666666666667,0.31666666666666665,0.4598159678894346,0.25268817204301075,0.3064516129032258,AAPL,SPY
2025-06-23,0.00987749011881256,1.0,0.008415101347374053,1.002897664407012,0,0.5,0,0,0,0.5,0,0.5,0,0,0,0.5,0.6860676559425011,0.5,0.10714285714285714,0.4985368410016778,0.27631578947368424,0.2631578947368421,0.44997495292202067,0.17857142857142858,0.25,0.45221935113751416,0.23684210526315788,0.3026315789473684,AAPL,SPY
2025-06-24,0.011047245877038092,2.0,0.00881747381554881,1.0125893739006668,0,0.5,0,0,0,0.5,0,0.5,0,0,0,0.5,0.5,0.0,0.0,0.5453695148702801,0.31666666666666665,0.225,0.5,0.0,0.0,0.46012143368830194,0.2542372881355932,0.2966101694915254,AAPL,SPY
2025-06-25,0.0005602785258216336,3.0,0.007007659221059005,1.0099242105084465,0,0.5,0,0,0,0.5,0,0.5,0,0,0,0.5,0.5,0.0,0.0,0.5104824792190875,0.27586206896551724,0.2413793103448276,0.5,0.0,0.0,0.4788004125416192,0.2553191489361702,0.26595744680851063,AAPL,SPY
2025-06-26,0.007823824018649228,4.0,0.006959155770634595,1.012962685052094,0,0.5,0,0,0,0.5,0,0.5,0,0,0,0.5,0.5,0.0,0.0,0.5751554466514441,0.38461538461538464,0.21153846153846154,0.5,0.0,0.0,0.43510186941490225,0.21666666666666667,0.31666666666666665,AAPL,SPY
2025-06-27,0.004968339764334306,5.0,0.004208087342377059,1.0110890278125717,0,0.5,0,0,0,0.5,0,0.5,0,0,0,0.5,0.5,0.0,0.0,0.6860676559425011,0.5,0.10714285714285714,0.5,0.0,0.0,0.44997495292202083,0.17857142857142858,0.25,AAPL,SPY
2025-06-30,0.004781191670012452,6.0,0.003898949208950701,1.0100440113344478,0,0.5,0,0,0,0.5,0,0.5,0,0,0,0.5,0.5,0.0,0.0,0.5,0.0,0.0,0.5,0.0,0.0,0.5,0.0,0.0,AAPL,SPY
2025-07-01,-0.00032362414789344207,-1.0,0.003381411341959442,1.0061413171682765,0,0.5,0,0,0,0.5,0,0.5,0,0,0,0.5,0.5,0.0,0.0,0.5,0.0,0.0,0.5,0.0,0.0,0.5,0.0,0.0,AAPL,SPY
2025-07-02,0.004533291803274775,1.0,0.0029373399568645574,1.0063320760138188,0,0.5,0,0,0,0.5,0,0.5,0,0,0,0.5,0.5,0.0,0.0,0.5,0.0,0.0,0.5,0.0,0.0,0.5,0.0,0.0,AAPL,SPY
2025-07-03,0.00788139987465386,2.0,0.002954393860066787,1.0098508242200321,0,0.5,0,0,0,0.5,0,0.5,0,0,0,0.5,0.5,0.0,0.0,0.5,0.0,0.0,0.5,0.0,0.0,0.5,0.0,0.0,AAPL,SPY
2025-07-07,-0.007452000479036269,-1.0,0.005987816404953623,1.0004609753240665,0,0.5,0,0,0,0.5,0,0.5,0,0,0,0.5,0.5,0.0,0.0,0.5,0.0,0.0,0.5,0.0,0.0,0.5,0.0,0.0,AAPL,SPY
2025-07-08,-0.0005477312372305088,-2.0,0.005814990241748516,0.9991109730334188,0,0.5,0,0,0,0.5,0,0.5,0,0,0,0.5,0.5,0.0,0.0,0.5,0.0,0.0,0.5,0.0,0.0,0.5,0.0,0.0,AAPL,SPY
2025-07-09,0.005996663994070728,1.0,0.006180192464322901,1.003031284325739,1,0.5,0,0,1,0.5,0,0.5,0,0,0,0.5,0.5,0.0,0.0,0.5,0.0,0.0,0.5,0.0,0.0,0.5,0.0,0.0,AAPL,SPY
2025-07-10,0.002820257303000284,2.0,0.006056598121924098,1.0041267633879243,0,0.5,0,0,0,0.5,17,0.4411764705882353,2,4,11,0.4588994503268377,0.5,0.0,0.0,0.5,0.0,0.0,0.4588994503268375,0.11764705882352941,0.23529411764705882,0.4588994503268377,0.11764705882352941,0.23529411764705882,AAPL,SPY
2025-07-11,-0.0035154072757080934,-1.0,0.005259471540206974,1.0011494406946295,0,0.5,0,0,0,0.5,33,0.4393939393939394,6,10,17,0.43029663138926794,0.5,0.0,0.0,0.5,0.0,0.0,0.4400215898280416,0.16,0.28,0.4400215898280417,0.16,0.28,AAPL,SPY
2025-07-14,0.0019082172648787754,1.0,0.003582484205639522,1.0017315066893153,46,0.4782608695652174,13,15,18,0.4758797741010489,43,0.4418604651162791,3,8,32,0.43336345048979985,0.4758797741010489,0.2826086956521739,0.32608695652173914,0.47639297039677125,0.2765957446808511,0.3191489361702128,0.4369430952953061,0.11827956989247312,0.23655913978494625,0.4369430952953062,0.11827956989247312,0.23655913978494625,AAPL,SPY
2025-07-15,-0.004273271747553764,-1.0,0.004371770358246314,0.9968754702281074,69,0.6884057971014492,36,10,23,0.6907937592579633,44,0.5227272727272727,11,9,24,0.5210476864049388,0.6048281651951976,0.4260869565217391,0.21739130434782608,0.6039244741159286,0.4224137931034483,0.21551724137931033,0.46467096173937106,0.16666666666666666,0.225,0.46395478879037066,0.16058394160583941,0.22627737226277372,AAPL,SPY
2025-07-16,0.0033432282214846953,1.0,0.003652917963017593,1.0001569783364028,28,0.5357142857142857,6,4,18,0.5612130702084654,30,0.5166666666666667,9,8,13,0.510099796116713,0.5962881465963968,0.38461538461538464,0.20279720279720279,0.5956194789116996,0.3819444444444444,0.2013888888888889,0.48601470475538533,0.19658119658119658,0.21367521367521367,0.47224431106456394,0.18562874251497005,0.23353293413173654,AAPL,SPY
2025-07-17,0.006119649327969823,2.0,0.00448109292279109,1.0055622414049006,36,0.7083333333333334,20,5,11,0.717279489218134,27,0.3888888888888889,4,10,13,0.4086624652554465,0.6706826839585663,0.46616541353383456,0.14285714285714285,0.6199514809729865,0.4166666666666667,0.18888888888888888,0.48775226383381926,0.2376237623762376,0.26732673267326734,0.4633952912870063,0.18041237113402062,0.25257731958762886,AAPL,SPY
2025-07-18,-0.0007323752525193461,-1.0,0.003967430394221321,1.003553199127523,42,0.5476190476190477,17,13,12,0.5717628557657651,21,0.6190476190476191,9,4,8,0.6302870565894961,0.61839686339483,0.4056603773584906,0.20754716981132076,0.6113362285850665,0.416289592760181,0.21266968325791855,0.5073449824843315,0.28205128205128205,0.28205128205128205,0.4796963474328309,0.20465116279069767,0.24651162790697675,AAPL,SPY
2025-07-21,0.0018961764380651669,1.0,0.003966952129527265,1.0041843320789747,0,0.5,0,0,0,0.5,0,0.5,0,0,0,0.5,0.6389243788976275,0.47435897435897434,0.23076923076923078,0.6113362285850665,0.416289592760181,0.21266968325791855,0.5056232239640931,0.2708333333333333,0.2916666666666667,0.481481939608598,0.21212121212121213,0.2474747474747475,AAPL,SPY
2025-07-22,0.00014308223598114012,2.0,0.0027194697867814034,1.002176899259105,0,0.5,0,0,0,0.5,0,0.5,0,0,0,0.5,0.5717628557657649,0.40476190476190477,0.30952380952380953,0.6113362285850665,0.416289592760181,0.21266968325791855,0.6302870565894958,0.42857142857142855,0.19047619047619047,0.49171900125246404,0.21818181818181817,0.23636363636363636,AAPL,SPY
2025-07-23,0.008507516372031176,3.0,0.003974968224944583,1.0074949602936782,0,0.5,0,0,0,0.5,0,0.5,0,0,0,0.5,0.5,0.0,0.0,0.646941925192294,0.4514285714285714,0.18285714285714286,0.5,0.0,0.0,0.5122869412753702,0.27049180327868855,0.2540983606557377,AAPL,SPY
2025-07-24,0.0003310590028946514,4.0,0.00374345092016382,1.0057897317364948,0,0.5,0,0,0,0.5,0,0.5,0,0,0,0.5,0.5,0.0,0.0,0.61839686339483,0.4056603773584906,0.20754716981132076,0.5,0.0,0.0,0.5073449824843315,0.28205128205128205,0.28205128205128205,AAPL,SPY
2025-07-25,0.004224319453948855,5.0,0.0034761062720433285,1.0069988533333694,0,0.5,0,0,0,0.5,0,0.5,0,0,0,0.5,0.5,0.0,0.0,0.6389243788976275,0.47435897435897434,0.23076923076923078,0.5,0.0,0.0,0.5056232239640931,0.2708333333333333,0.2916666666666667,AAPL,SPY
2025-07-28,-0.0002510958258695739,-1.0,0.0037699483348436506,1.0041525837930299,0,0.5,0,0,0,0.5,0,0.5,0,0,0,0.5,0.5,0.0,0.0,0.5717628557657649,0.40476190476190477,0.30952380952380953,0.5,0.0,0.0,0.6302870565894959,0.42857142857142855,0.19047619047619047,AAPL,SPY
2025-07-29,-0.002637599568784843,-2.0,0.004377482824248208,0.9994871051749369,0,0.5,0,0,0,0.5,0,0.5,0,0,0,0.5,0.5,0.0,0.0,0.5,0.0,0.0,0.5,0.0,0.0,0.5,0.0,0.0,AAPL,SPY
2025-07-30,-0.0012593076546151272,-3.0,0.0025752242783816147,0.9981499213933603,0,0.5,0,0,0,0.5,0,0.5,0,0,0,0.5,0.5,0.0,0.0,0.5,0.0,0.0,0.5,0.0,0.0,0.5,0.0,0.0,AAPL,SPY
2025-07-31,-0.003751229077306739,-4.0,0.003074956673562657,0.9951383126115652,0,0.5,0,0,0,0.5,0,0.5,0,0,0,0.5,0.5,0.0,0.0,0.5,0.0,0.0,0.5,0.0,0.0,0.5,0.0,0.0,AAPL,SPY
2025-08-01,-0.01639040328219421,-5.0,0.006582659000229128,0.9835909430600354,0,0.5,0,0,0,0.5,0,0.5,0,0,0,0.5,0.5,0.0,0.0,0.5,0.0,0.0,0.5,0.0,0.0,0.5,0.0,0.0,AAPL,SPY
2025-08-04,0.01519978873502148,1.0,0.011254651270438462,1.0003676786335511,0,0.5,0,0,0,0.5,0,0.5,0,0,0,0.5,0.5,0.0,0.0,0.5,0.0,0.0,0.5,0.0,0.0,0.5,0.0,0.0,AAPL,SPY
2025-08-05,-0.0050699689365404366,-1.0,0.011353781611604986,0.9976011597028883,0,0.5,0,0,0,0.5,0,0.5,0,0,0,0.5,0.5,0.0,0.0,0.5,0.0,0.0,0.5,0.0,0.0,0.5,0.0,0.0,AAPL,SPY
2025-08-06,0.007659695237280717,1.0,0.012216992693552484,1.0057793369882146,0,0.5,0,0,0,0.5,0,0.5,0,0,0,0.5,0.5,0.0,0.0,0.5,0.0,0.0,0.5,0.0,0.0,0.5,0.0,0.0,AAPL,SPY
2025-08-07,-0.0008376201402309214,-1.0,0.012090212636888416,1.0048825758730298,0,0.5,0,0,0,0.5,26,0.4423076923076923,6,9,11,0.4567230418896968,0.5,0.0,0.0,0.5,0.0,0.0,0.4567230418896966,0.23076923076923078,0.34615384615384615,0.4567230418896967,0.23076923076923078,0.34615384615384615,AAPL,SPY
2025-08-08,0.007797536853746623,1.0,0.00797504557725566,1.007765665928341,0,0.5,0,0,0,0.5,23,0.5652173913043478,9,6,8,0.5968523654066258,0.5,0.0,0.0,0.5,0.0,0.0,0.5224980304792756,0.30612244897959184,0.30612244897959184,0.5224980304792757,0.30612244897959184,0.30612244897959184,AAPL,SPY
2025-08-11,-0.0019774785462639555,-1.0,0.005880509992450337,1.004263901667333,1,0.5,0,0,1,0.5,32,0.390625,5,12,15,0.3967008959983946,0.4999999999999929,0.0,0.0,0.4999999999999929,0.0,0.0,0.4728003971041127,0.24691358024691357,0.3333333333333333,0.4728003971041127,0.24691358024691357,0.3333333333333333,AAPL,SPY
2025-08-12,0.010646024206171889,1.0,0.005677911487334245,1.0102583625630115,50,0.53,16,13,21,0.5432667279868264,25,0.44,6,9,10,0.4328429542237729,0.5424183607713983,0.3137254901960784,0.2549019607843137,0.5424183607713983,0.3137254901960784,0.2549019607843137,0.46553883664869167,0.25,0.3375,0.46337647189648545,0.24528301886792453,0.33962264150943394,AAPL,SPY
2025-08-13,0.0034231312120525104,2.0,0.005428550104537263,1.0098718357867882,42,0.5714285714285714,17,11,14,0.5923851211011157,22,0.4318181818181818,4,7,11,0.465324173810269,0.56498399446869,0.3548387096774194,0.25806451612903225,0.56498399446869,0.3548387096774194,0.25806451612903225,0.42724853609327673,0.189873417721519,0.35443037974683544,0.463711233162917,0.234375,0.3359375,AAPL,SPY
2025-08-14,9.303533506632711e-05,3.0,0.00524209550533019,1.0059645237046135,42,0.5595238095238095,15,10,17,0.5454730878380034,27,0.48148148148148145,9,10,8,0.4719597781946219,0.5593535908565993,0.3582089552238806,0.2537313432835821,0.558913934628032,0.35555555555555557,0.2518518518518518,0.45677188771182464,0.25675675675675674,0.35135135135135137,0.4651480764910204,0.25161290322580643,0.3419354838709677,AAPL,SPY
2025-08-15,-0.002341281862229483,-1.0,0.005363714017256618,1.0016532314414182,44,0.6022727272727273,18,9,17,0.5906418354623427,28,0.375,3,10,15,0.37439353626141364,0.5763928557483287,0.390625,0.234375,0.5667129717046223,0.3687150837988827,0.24022346368715083,0.4345852577974063,0.2077922077922078,0.35064935064935066,0.45126213590944125,0.22950819672131148,0.3442622950819672,AAPL,SPY
2025-08-18,-0.00021760326977848798,-2.0,0.0050908232620112985,0.9991395314622259,40,0.5125,12,11,17,0.5098930242839751,32,0.4375,5,9,18,0.44716685761119485,0.5499510430230017,0.35714285714285715,0.23809523809523808,0.5563348991163762,0.3561643835616438,0.2465753424657534,0.43143991344980004,0.19540229885057472,0.3333333333333333,0.44981751971351247,0.21693121693121692,0.3333333333333333,AAPL,SPY
2025-08-19,-0.005425136484688009,-3.0,0.0032670780103506015,0.994608854406183,0,0.5,0,0,0,0.5,0,0.5,0,0,0,0.5,0.5521900206155008,0.35714285714285715,0.23809523809523808,0.5563348991163762,0.3561643835616438,0.2465753424657534,0.4132059743146302,0.13333333333333333,0.31666666666666665,0.42944522181627387,0.1927710843373494,0.3433734939759036,AAPL,SPY
2025-08-20,-0.0026570578976855552,-4.0,0.002223590725739734,0.9940615655233069,0,0.5,0,0,0,0.5,0,0.5,0,0,0,0.5,0.509893024283975,0.3,0.275,0.5565933160848,0.3577981651376147,0.24770642201834864,0.4471668576111946,0.15625,0.28125,0.4372647623100959,0.20149253731343283,0.3358208955223881,AAPL,SPY
2025-08-21,-0.004011843753210287,-5.0,0.001947708444143711,0.9929817036235721,0,0.5,0,0,0,0.5,0,0.5,0,0,0,0.5,0.5,0.0,0.0,0.5605595625425303,0.36904761904761907,0.24404761904761904,0.5,0.0,0.0,0.43827893847668375,0.1926605504587156,0.3302752293577982,AAPL,SPY
2025-08-22,0.015356793254796441,1.0,0.008464791981284537,1.0076419177766038,0,0.5,0,0,0,0.5,0,0.5,0,0,0,0.5,0.5,0.0,0.0,0.5499510430230017,0.35714285714285715,0.23809523809523808,0.5,0.0,0.0,0.43143991344980015,0.19540229885057472,0.3333333333333333,AAPL,SPY
2025-08-25,-0.0044010272058598865,-1.0,0.0087682375611914,1.0034673689222686,0,0.5,0,0,0,0.5,0,0.5,0,0,0,0.5,0.5,0.0,0.0,0.5521900206155008,0.35714285714285715,0.23809523809523808,0.5,0.0,0.0,0.41320597431463024,0.13333333333333333,0.31666666666666665,AAPL,SPY
2025-08-26,0.004186969919329098,1.0,0.008389346369158116,1.0059876354030792,0,0.5,0,0,0,0.5,0,0.5,0,0,0,0.5,0.5,0.0,0.0,0.509893024283975,0.3,0.275,0.5,0.0,0.0,0.44716685761119473,0.15625,0.28125,AAPL,SPY
2025-08-27,0.0022785538462906096,2.0,0.008032043728697506,1.0056079059884835,0,0.5,0,0,0,0.5,0,0.5,0,0,0,0.5,0.5,0.0,0.0,0.5,0.0,0.0,0.5,0.0,0.0,0.5,0.0,0.0,AAPL,SPY
2025-08-28,0.003541403909580021,3.0,0.00711648263346249,1.0049899444337305,0,0.5,0,0,0,0.5,0,0.5,0,0,0,0.5,0.5,0.0,0.0,0.5,0.0,0.0,0.5,0.0,0.0,0.5,0.0,0.0,AAPL,SPY
2025-08-29,-0.0059637477949624484,-1.0,0.004747993883566733,0.9990768995569953,0,0.5,0,0,0,0.5,0,0.5,0,0,0,0.5,0.5,0.0,0.0,0.5,0.0,0.0,0.5,0.0,0.0,0.5,0.0,0.0,AAPL,SPY
2025-09-02,-0.007410229210411012,-2.0,0.005555952817946363,0.9923497701979603,0,0.5,0,0,0,0.5,0,0.5,0,0,0,0.5,0.5,0.0,0.0,0.5,0.0,0.0,0.5,0.0,0.0,0.5,0.0,0.0,AAPL,SPY
2025-09-03,0.005419542688669621,1.0,0.005845326742589878,0.99816720961402,0,0.5,0,0,0,0.5,0,0.5,0,0,0,0.5,0.5,0.0,0.0,0.5,0.0,0.0,0.5,0.0,0.0,0.5,0.0,0.0,AAPL,SPY
2025-09-04,0.008357419089116691,2.0,0.007055593219816008,1.005732701230194,0,0.5,0,0,0,0.5,0,0.5,0,0,0,0.5,0.5,0.0,0.0,0.5,0.0,0.0,0.5,0.0,0.0,0.5,0.0,0.0,AAPL,SPY
2025-09-05,-0.002896236284437803,-1.0,0.007014994752190547,1.00334219057327,0,0.5,0,0,0,0.5,0,0.5,0,0,0,0.5,0.5,0.0,0.0,0.5,0.0,0.0,0.5,0.0,0.0,0.5,0.0,0.0,AAPL,SPY
2025-09-08,0.002456626412859597,1.0,0.006354652527749255,1.0046296522933462,0,0.5,0,0,0,0.5,0,0.5,0,0,0,0.5,0.5,0.0,0.0,0.5,0.0,0.0,0.5,0.0,0.0,0.5,0.0,0.0,AAPL,SPY
2025-09-09,0.002311853583358836,2.0,0.00418348644174475,1.0038249710261729,0,0.5,0,0,0,0.5,0,0.5,0,0,0,0.5,0.5,0.0,0.0,0.5,0.0,0.0,0.5,0.0,0.0,0.5,0.0,0.0,AAPL,SPY
2025-09-10,0.0028908474672986184,3.0,0.003985654272177107,1.0041013471529816,0,0.5,0,0,0,0.5,35,0.4,5,12,18,0.40678200979092133,0.5,0.0,0.0,0.5,0.0,0.0,0.40678200979092116,0.14285714285714285,0.34285714285714286,0.4067820097909213,0.14285714285714285,0.34285714285714286,AAPL,SPY
2025-09-11,0.008310180352278485,4.0,0.003968686048259647,1.0097996378160419,25,0.52,7,6,12,0.5164271995068076,54,0.5092592592592593,13,12,29,0.5098164990843734,0.5164271995068073,0.28,0.24,0.5164271995068073,0.28,0.24,0.4692973179015551,0.20224719101123595,0.2696629213483146,0.4692973179015552,0.20224719101123595,0.2696629213483146,AAPL,SPY
2025-09-12,-0.00033458287585352853,-1.0,0.0031629711907920147,1.0063188121904456,55,0.5636363636363636,20,13,22,0.5663749656014936,41,0.45121951219512196,6,10,25,0.44943648999174485,0.5507662886969041,0.3375,0.2375,0.5507662886969041,0.3375,0.2375,0.46303351832999956,0.18461538461538463,0.26153846153846155,0.4630335183299996,0.18461538461538463,0.26153846153846155,AAPL,SPY
2025-09-15,0.005323922883704979,1.0,0.0032691904465464916,1.0079487433440106,39,0.7564102564102564,24,4,11,0.7644096697111867,39,0.5897435897435898,11,4,24,0.5930836699496276,0.6207838673486439,0.42857142857142855,0.19327731092436976,0.6207838673486439,0.42857142857142855,0.19327731092436976,0.5155764937929341,0.22388059701492538,0.19402985074626866,0.493045091780683,0.20710059171597633,0.22485207100591717,AAPL,SPY
2025-09-16,-0.0013768488621856978,-1.0,0.003996243270298189,1.0036008062114283,37,0.6891891891891891,20,6,11,0.6853263177963789,25,0.48,7,8,10,0.48649485556191435,0.6589288090479728,0.48854961832061067,0.17557251908396945,0.6360920126471451,0.4551282051282051,0.1858974358974359,0.511614577207094,0.22857142857142856,0.20952380952380953,0.4922009891751715,0.21649484536082475,0.23711340206185566,AAPL,SPY
2025-09-17,-0.0012424353397253451,-2.0,0.004419871817809951,1.000233684116976,48,0.5625,17,11,20,0.5563227869163111,41,0.4268292682926829,4,10,27,0.43060293574597125,0.660262456848268,0.49193548387096775,0.1693548387096774,0.6173227830634195,0.43137254901960786,0.19607843137254902,0.5042605226920777,0.20952380952380953,0.20952380952380953,0.4814540947470983,0.19574468085106383,0.23829787234042554,AAPL,SPY
2025-09-18,0.004672497836806455,1.0,0.0033093875040526785,1.0034972544297036,0,0.5,0,0,0,0.5,0,0.5,0,0,0,0.5,0.6124772650641053,0.43529411764705883,0.2,0.6173227830634195,0.43137254901960786,0.19607843137254902,0.45177411749443447,0.16666666666666666,0.2727272727272727,0.4814540947470983,0.19574468085106383,0.23829787234042554,AAPL,SPY
2025-09-19,0.0021743762573189773,2.0,0.003166124686267953,1.0037658454313025,0,0.5,0,0,0,0.5,0,0.5,0,0,0,0.5,0.556322786916311,0.3541666666666667,0.22916666666666666,0.6173227830634195,0.43137254901960786,0.19607843137254902,0.4306029357459711,0.0975609756097561,0.24390243902439024,0.4945217096144293,0.205,0.22,AAPL,SPY
2025-09-22,0.004731075170536503,3.0,0.0030137618864971034,1.0067090056386174,0,0.5,0,0,0,0.5,0,0.5,0,0,0,0.5,0.5,0.0,0.0,0.6314143450126669,0.45251396648044695,0.18994413407821228,0.5,0.0,0.0,0.48886473268718966,0.1917808219178082,0.2191780821917808,AAPL,SPY
2025-09-23,-0.005443591771073009,-1.0,0.004339740109851639,1.0002594259666115,0,0.5,0,0,0,0.5,0,0.5,0,0,0,0.5,0.5,0.0,0.0,0.660262456848268,0.49193548387096775,0.1693548387096774,0.5,0.0,0.0,0.5042605226920777,0.20952380952380953,0.20952380952380953,AAPL,SPY
2025-09-24,-0.0031815658943793457,-2.0,0.004662469240577347,0.9964999145959363,0,0.5,0,0,0,0.5,0,0.5,0,0,0,0.5,0.5,0.0,0.0,0.6124772650641053,0.43529411764705883,0.2,0.5,0.0,0.0,0.4517741174944345,0.16666666666666666,0.2727272727272727,AAPL,SPY
2025-09-25,-0.004613504621998388,-3.0,0.004475727600815664,0.9931630639976149,0,0.5,0,0,0,0.5,0,0.5,0,0,0,0.5,0.5,0.0,0.0,0.556322786916311,0.3541666666666667,0.22916666666666666,0.5,0.0,0.0,0.4306029357459712,0.0975609756097561,0.24390243902439024,AAPL,SPY
2025-09-26,0.0057290777314567,1.0,0.005354924342343622,0.9994201234366357,0,0.5,0,0,0,0.5,0,0.5,0,0,0,0.5,0.5,0.0,0.0,0.5,0.0,0.0,0.5,0.0,0.0,0.5,0.0,0.0,AAPL,SPY
2025-09-29,0.0028104096748033935,2.0,0.0049331471468037295,1.0031863434589188,0,0.5,0,0,0,0.5,0,0.5,0,0,0,0.5,0.5,0.0,0.0,0.5,0.0,0.0,0.5,0.0,0.0,0.5,0.0,0.0,AAPL,SPY
2025-09-30,0.003766875644270362,3.0,0.0045344933753517815,1.006061926341918,0,0.5,0,0,0,0.5,0,0.5,0,0,0,0.5,0.5,0.0,0.0,0.5,0.0,0.0,0.5,0.0,0.0,0.5,0.0,0.0,AAPL,SPY
2025-10-01,0.0034075168215907947,4.0,0.003973726713068462,1.007253997195,0,0.5,0,0,0,0.5,0,0.5,0,0,0,0.5,0.5,0.0,0.0,0.5,0.0,0.0,0.5,0.0,0.0,0.5,0.0,0.0,AAPL,SPY
2025-10-02,0.0011518565068935338,5.0,0.001655099535776589,1.0050309754313946,0,0.5,0,0,0,0.5,0,0.5,0,0,0,0.5,0.5,0.0,0.0,0.5,0.0,0.0,0.5,0.0,0.0,0.5,0.0,0.0,AAPL,SPY
2025-10-03,-1.4866158967619114e-05,-1.0,0.0016036728416631632,1.0027901843284626,0,0.5,0,0,0,0.5,0,0.5,0,0,0,0.5,0.5,0.0,0.0,0.5,0.0,0.0,0.5,0.0,0.0,0.5,0.0,0.0,AAPL,SPY
2025-10-06,0.003586263355458641,1.0,0.0017086548367772378,1.004000377889604,0,0.5,0,0,0,0.5,0,0.5,0,0,0,0.5,0.5,0.0,0.0,0.5,0.0,0.0,0.5,0.0,0.0,0.5,0.0,0.0,AAPL,SPY
2025-10-07,-0.003707494362329311,-1.0,0.0029846226815035716,0.9993995687148681,0,0.5,0,0,0,0.5,0,0.5,0,0,0,0.5,0.5,0.0,0.0,0.5,0.0,0.0,0.5,0.0,0.0,0.5,0.0,0.0,AAPL,SPY
2025-10-08,0.005963041402874625,1.0,0.0036657511005340477,1.003961485329683,0,0.5,0,0,0,0.5,18,0.5,3,3,12,0.4984899227836367,0.5,0.0,0.0,0.5,0.0,0.0,0.49848992278363624,0.16666666666666666,0.16666666666666666,0.49848992278363646,0.16666666666666666,0.16666666666666666,AAPL,SPY
2025-10-09,-0.0028970186885769467,-1.0,0.004148515023913667,1.0004740027618044,0,0.5,0,0,0,0.5,36,0.4444444444444444,4,8,24,0.4484366740319886,0.5,0.0,0.0,0.5,0.0,0.0,0.46512109028253784,0.12962962962962962,0.2037037037037037,0.4651210902825379,0.12962962962962962,0.2037037037037037,AAPL,SPY
2025-10-10,-0.027027764376787222,-2.0,0.013086820775538539,0.9781547558892676,21,0.40476190476190477,4,8,9,0.39206368966989236,26,0.4423076923076923,5,8,13,0.42788804575780104,0.392063689669892,0.19047619047619047,0.38095238095238093,0.392063689669892,0.19047619047619047,0.38095238095238093,0.4530203508119984,0.15,0.2375,0.4530203508119984,0.15,0.2375,AAPL,SPY
2025-10-13,0.015344029580113494,1.0,0.015757960231916675,0.9957199954214238,34,0.5882352941176471,15,9,10,0.5723848581549247,22,0.5681818181818182,6,3,13,0.5686714714322192,0.5035349574606395,0.34545454545454546,0.3090909090909091,0.5035349574606395,0.34545454545454546,0.3090909090909091,0.4735664503138479,0.17857142857142858,0.2261904761904762,0.47796471016145775,0.17647058823529413,0.21568627450980393,AAPL,SPY
2025-10-14,-0.0012216421112398734,-1.0,0.015748172134214155,0.9965658906392442,32,0.578125,9,4,19,0.5752843063109278,42,0.5714285714285714,11,5,26,0.5568259984244365,0.5299255225549985,0.3218390804597701,0.2413793103448276,0.5299255225549985,0.3218390804597701,0.2413793103448276,0.522472816611533,0.24444444444444444,0.17777777777777778,0.5009659192381599,0.2013888888888889,0.1875,AAPL,SPY
2025-10-15,0.00443954899070742,1.0,0.015570092776987756,1.003388014521146,40,0.6375,21,10,9,0.6352165922362769,24,0.5208333333333334,5,4,15,0.515723304158066,0.5969702515912094,0.42452830188679247,0.2169811320754717,0.5630880641868972,0.3858267716535433,0.2440944881889764,0.548577540967372,0.25,0.13636363636363635,0.5030741170838609,0.20238095238095238,0.18452380952380953,AAPL,SPY
2025-10-16,-0.006810241559458086,-1.0,0.015707076637764012,0.9997276407038529,49,0.6122448979591837,20,9,20,0.6138516989318118,36,0.4444444444444444,4,8,24,0.4610808710523233,0.610714832554211,0.4132231404958678,0.19008264462809918,0.57722112158747,0.39204545454545453,0.22727272727272727,0.513362378348074,0.19607843137254902,0.16666666666666666,0.49566354425476594,0.18627450980392157,0.19117647058823528,AAPL,SPY
2025-10-17,0.0056763137515907225,1.0,0.008283931422278776,1.0019545049710368,37,0.5945945945945946,14,7,16,0.5910848156257601,23,0.41304347826086957,2,6,15,0.4184265592633283,0.613948691390976,0.4365079365079365,0.20634920634920634,0.5796293689086753,0.38967136150234744,0.22065727699530516,0.46506122314137066,0.13253012048192772,0.21686746987951808,0.4869203601958054,0.17703349282296652,0.20095693779904306,AAPL,SPY
2025-10-20,0.010400477117627371,2.0,0.0066482991734664034,1.0098593925164379,0,0.5,0,0,0,0.5,0,0.5,0,0,0,0.5,0.6040566444861849,0.3953488372093023,0.18604651162790697,0.5796293689086753,0.38967136150234744,0.22065727699530516,0.4444529189989862,0.1016949152542373,0.23728813559322035,0.49492852610272686,0.1907514450867052,0.19653179190751446,AAPL,SPY
2025-10-21,-1.4911017141350236e-05,-1.0,0.006499806687757343,1.0070991308379351,0,0.5,0,0,0,0.5,0,0.5,0,0,0,0.5,0.5910848156257599,0.3783783783783784,0.1891891891891892,0.6001443650754171,0.4114583333333333,0.203125,0.41842655926332784,0.08695652173913043,0.2608695652173913,0.5067860260276797,0.19047619047619047,0.17687074829931973,AAPL,SPY
2025-10-22,-0.005198930936866852,-2.0,0.007254551502702103,1.001073314926765,0,0.5,0,0,0,0.5,0,0.5,0,0,0,0.5,0.5,0.0,0.0,0.6061179298557763,0.4050632911392405,0.189873417721519,0.5,0.0,0.0,0.49589418763648085,0.176,0.184,AAPL,SPY
2025-10-23,0.005929952148911788,1.0,0.00604532039192382,1.0036635064518213,0,0.5,0,0,0,0.5,0,0.5,0,0,0,0.5,0.5,0.0,0.0,0.613948691390976,0.4365079365079365,0.20634920634920634,0.5,0.0,0.0,0.4650612231413708,0.13253012048192772,0.21686746987951808,AAPL,SPY
2025-10-24,0.008172546972973871,2.0,0.006378474459383578,1.0079925096486837,0,0.5,0,0,0,0.5,0,0.5,0,0,0,0.5,0.5,0.0,0.0,0.6040566444861849,0.3953488372093023,0.18604651162790697,0.5,0.0,0.0,0.44445291899898626,0.1016949152542373,0.23728813559322035,AAPL,SPY
2025-10-27,0.011797696913067535,3.0,0.0067561928102805955,1.0156699253224268,0,0.5,0,0,0,0.5,0,0.5,0,0,0,0.5,0.5,0.0,0.0,0.5910848156257599,0.3783783783783784,0.1891891891891892,0.5,0.0,0.0,0.41842655926332833,0.08695652173913043,0.2608695652173913,AAPL,SPY
2025-10-28,0.002656014462314449,4.0,0.0064442086982080815,1.0136289476119245,0,0.5,0,0,0,0.5,0,0.5,0,0,0,0.5,0.5,0.0,0.0,0.5,0.0,0.0,0.5,0.0,0.0,0.5,0.0,0.0,AAPL,SPY
2025-10-29,0.00048033227231458753,5.0,0.004466583640780336,1.0082876348561003,0,0.5,0,0,0,0.5,0,0.5,0,0,0,0.5,0.5,0.0,0.0,0.5,0.0,0.0,0.5,0.0,0.0,0.5,0.0,0.0,AAPL,SPY
2025-10-30,-0.010998119550020391,-1.0,0.008730648997879613,0.994843102116528,0,0.5,0,0,0,0.5,0,0.5,0,0,0,0.5,0.5,0.0,0.0,0.5,0.0,0.0,0.5,0.0,0.0,0.5,0.0,0.0,AAPL,SPY
2025-10-31,0.0032802030105936186,1.0,0.008181910713689695,0.9967032688873169,0,0.5,0,0,0,0.5,0,0.5,0,0,0,0.5,0.5,0.0,0.0,0.5,0.0,0.0,0.5,0.0,0.0,0.5,0.0,0.0,AAPL,SPY
2025-11-03,0.0018767107020742912,2.0,0.005938482294518985,0.9991285970070913,0,0.5,0,0,0,0.5,0,0.5,0,0,0,0.5,0.5,0.0,0.0,0.5,0.0,0.0,0.5,0.0,0.0,0.5,0.0,0.0,AAPL,SPY
2025-11-04,-0.011853596017736279,-1.0,0.007360558292799493,0.9907096844401188,0,0.5,0,0,0,0.5,0,0.5,0,0,0,0.5,0.5,0.0,0.0,0.5,0.0,0.0,0.5,0.0,0.0,0.5,0.0,0.0,AAPL,SPY
2025-11-05,0.0034654743340312155,1.0,0.007862297804359519,0.9970130035658519,0,0.5,0,0,0,0.5,0,0.5,0,0,0,0.5,0.5,0.0,0.0,0.5,0.0,0.0,0.5,0.0,0.0,0.5,0.0,0.0,AAPL,SPY
2025-11-06,-0.010729388925125316,-1.0,0.00779325284025682,0.9890867009634914,0,0.5,0,0,0,0.5,12,0.4583333333333333,2,3,7,0.42296283212927516,0.5,0.0,0.0,0.5,0.0,0.0,0.42296283212927427,0.16666666666666666,0.25,0.42296283212927516,0.16666666666666666,0.25,AAPL,SPY
2025-11-07,0.0009845789961884233,1.0,0.0074039775259401065,0.9933114581134078,0,0.5,0,0,0,0.5,31,0.3548387096774194,3,12,16,0.3603856710318816,0.5,0.0,0.0,0.5,0.0,0.0,0.37784906482650277,0.11627906976744186,0.3488372093023256,0.3778490648265031,0.11627906976744186,0.3488372093023256,AAPL,SPY
2025-11-10,0.01560432239211762,2.0,0.011300691768836314,1.0093792502490786,33,0.5909090909090909,12,6,15,0.5842702270791051,27,0.5740740740740741,9,5,13,0.5666123173076542,0.5842702270791049,0.36363636363636365,0.18181818181818182,0.5842702270791049,0.36363636363636365,0.18181818181818182,0.45065774792637553,0.2,0.2857142857142857,0.4506577479263756,0.2,0.2857142857142857,AAPL,SPY
2025-11-11,0.0022892661907207845,3.0,0.00935222082424472,1.0093695540807512,30,0.45,5,8,17,0.4440173507562641,32,0.40625,4,10,18,0.3929976538177706,0.5174831431158474,0.2698412698412698,0.2222222222222222,0.5174831431158474,0.2698412698412698,0.2222222222222222,0.43384903657181817,0.17777777777777778,0.3,0.4325683066374015,0.17647058823529413,0.29411764705882354,AAPL,SPY
2025-11-12,0.0005563761095350728,4.0,0.009353854953970089,1.0082027821629305,41,0.5609756097560976,15,10,16,0.5662881559862252,41,0.5487804878048781,9,5,27,0.544095313508596,0.5367235808820541,0.3076923076923077,0.23076923076923078,0.5367235808820541,0.3076923076923077,0.23076923076923078,0.5018236534332775,0.22,0.2,0.464544581334737,0.1888111888111888,0.24475524475524477,AAPL,SPY
2025-11-13,-0.016594027882646856,-1.0,0.011442930378026519,0.9909667938779191,40,0.5,11,11,18,0.49026224434785703,25,0.38,1,7,17,0.3653884769153528,0.5058452674958328,0.27927927927927926,0.26126126126126126,0.5238176540669994,0.2986111111111111,0.24305555555555555,0.4491688234582133,0.14285714285714285,0.22448979591836735,0.44978920865328104,0.16666666666666666,0.25,AAPL,SPY
2025-11-14,-0.00016365894166792128,-2.0,0.011444004501562022,0.9905241731190177,47,0.5531914893617021,13,8,26,0.5574610237484338,45,0.37777777777777777,2,13,30,0.36831896115645957,0.5392888459806711,0.3046875,0.2265625,0.532096389014787,0.2931937172774869,0.225130890052356,0.4325853426015939,0.10810810810810811,0.22522522522522523,0.4325771845342342,0.14084507042253522,0.25821596244131456,AAPL,SPY
2025-11-17,-0.009316461288915168,-3.0,0.008059506718367894,0.9858798097963415,0,0.5,0,0,0,0.5,0,0.5,0,0,0,0.5,0.5265650332194329,0.27586206896551724,0.21839080459770116,0.532096389014787,0.2931937172774869,0.225130890052356,0.3672723596417784,0.04285714285714286,0.2857142857142857,0.43315117572259004,0.13930348258706468,0.25870646766169153,AAPL,SPY
2025-11-18,-0.008397503213040225,-4.0,0.007123261762528625,0.9842832332705768,0,0.5,0,0,0,0.5,0,0.5,0,0,0,0.5,0.5574610237484336,0.2765957446808511,0.1702127659574468,0.532096389014787,0.2931937172774869,0.225130890052356,0.36831896115645935,0.044444444444444446,0.28888888888888886,0.446420179519131,0.14705882352941177,0.23529411764705882,AAPL,SPY
2025-11-19,0.003863149507556951,1.0,0.008066146914429294,0.9942383149091358,0,0.5,0,0,0,0.5,0,0.5,0,0,0,0.5,0.5,0.0,0.0,0.5211993215709736,0.27848101265822783,0.23417721518987342,0.5,0.0,0.0,0.42372655909752166,0.11188811188811189,0.24475524475524477,AAPL,SPY
2025-11-20,-0.015242255122032589,-1.0,0.007638722434038431,0.9848498931538407,0,0.5,0,0,0,0.5,0,0.5,0,0,0,0.5,0.5,0.0,0.0,0.5392888459806711,0.3046875,0.2265625,0.5,0.0,0.0,0.432585342601594,0.10810810810810811,0.22522522522522523,AAPL,SPY
2025-11-21,0.009961227389035265,1.0,0.010375275253585415,0.9985484836390813,0,0.5,0,0,0,0.5,0,0.5,0,0,0,0.5,0.5,0.0,0.0,0.5265650332194329,0.27586206896551724,0.21839080459770116,0.5,0.0,0.0,0.36727235964177857,0.04285714285714286,0.2857142857142857,AAPL,SPY
2025-11-24,0.014718526835907575,2.0,0.012538154189249941,1.0123069453700992,0,0.5,0,0,0,0.5,0,0.5,0,0,0,0.5,0.5,0.0,0.0,0.5574610237484336,0.2765957446808511,0.1702127659574468,0.5,0.0,0.0,0.36831896115645957,0.044444444444444446,0.28888888888888886,AAPL,SPY
2025-11-25,0.009405947461920139,3.0,0.011709667963436827,1.0172275668294606,0,0.5,0,0,0,0.5,0,0.5,0,0,0,0.5,0.5,0.0,0.0,0.5,0.0,0.0,0.5,0.0,0.0,0.5,0.0,0.0,AAPL,SPY
2025-11-26,0.006903459171132775,4.0,0.011744534789734239,1.0190135236191293,0,0.5,0,0,0,0.5,0,0.5,0,0,0,0.5,0.5,0.0,0.0,0.5,0.0,0.0,0.5,0.0,0.0,0.5,0.0,0.0,AAPL,SPY
2025-11-28,0.0054584834225450685,5.0,0.00354644148870263,1.0151819112750466,0,0.5,0,0,0,0.5,0,0.5,0,0,0,0.5,0.5,0.0,0.0,0.5,0.0,0.0,0.5,0.0,0.0,0.5,0.0,0.0,AAPL,SPY
2025-12-01,-0.004565467815318525,-1.0,0.007064236831838851,1.004210124528051,0,0.5,0,0,0,0.5,0,0.5,0,0,0,0.5,0.5,0.0,0.0,0.5,0.0,0.0,0.5,0.0,0.0,0.5,0.0,0.0,AAPL,SPY
2025-12-02,0.0018522200441719594,1.0,0.005421784171404275,1.00228244755802,0,0.5,0,0,0,0.5,0,0.5,0,0,0,0.5,0.5,0.0,0.0,0.5,0.0,0.0,0.5,0.0,0.0,0.5,0.0,0.0,AAPL,SPY
2025-12-03,0.00346277529986061,2.0,0.00445352917049188,1.0031360383891421,0,0.5,0,0,0,0.5,0,0.5,0,0,0,0.5,0.5,0.0,0.0,0.5,0.0,0.0,0.5,0.0,0.0,0.5,0.0,0.0,AAPL,SPY
2025-12-04,0.0007311117128343536,3.0,0.0037737351915391013,1.0024842697426009,0,0.5,0,0,0,0.5,0,0.5,0,0,0,0.5,0.5,0.0,0.0,0.5,0.0,0.0,0.5,0.0,0.0,0.5,0.0,0.0,AAPL,SPY
2025-12-05,0.0018994838690575833,4.0,0.00308717286116885,1.003712173636266,0,0.5,0,0,0,0.5,0,0.5,0,0,0,0.5,0.5,0.0,0.0,0.5,0.0,0.0,0.5,0.0,0.0,0.5,0.0,0.0,AAPL,SPY
2025-12-08,-0.0030042694967975514,-1.0,0.0024344608690123493,0.9997133652464189,38,0.5921052631578947,14,7,17,0.5931221064672542,0,0.5,0,0,0,0.5,0.593122106467254,0.3684210526315789,0.18421052631578946,0.593122106467254,0.3684210526315789,0.18421052631578946,0.5,0.0,0.0,0.5,0.0,0.0,AAPL,SPY
2025-12-09,-0.0008630792259767261,-2.0,0.0024956403042118796,0.998409617940379,29,0.6206896551724138,10,3,16,0.6110173422428444,6,0.5833333333333334,1,0,5,0.5589158378948476,0.6008678055343006,0.3582089552238806,0.14925373134328357,0.6008678055343006,0.3582089552238806,0.14925373134328357,0.5589158378948458,0.16666666666666666,0.0,0.5589158378948476,0.16666666666666666,0.0,AAPL,SPY
2025-12-10,0.006632158354709983,1.0,0.0036082041663002004,1.003951157972367,32,0.609375,13,6,13,0.6052285781203834,48,0.5,13,13,22,0.49487112828279883,0.602277348188388,0.37373737373737376,0.16161616161616163,0.602277348188388,0.37373737373737376,0.16161616161616163,0.5019872071285818,0.25925925925925924,0.24074074074074073,0.501987207128582,0.25925925925925924,0.24074074074074073,AAPL,SPY
2025-12-11,0.0023270002601829542,2.0,0.0036401715924644193,1.0048846458499598,31,0.532258064516129,9,7,15,0.5263563577289326,41,0.4634146341463415,6,9,26,0.45794855188248335,0.5804767882009962,0.34782608695652173,0.17391304347826086,0.5841731120019026,0.35384615384615387,0.17692307692307693,0.4829810506539498,0.21052631578947367,0.23157894736842105,0.4829810506539499,0.21052631578947367,0.23157894736842105,AAPL,SPY
2025-12-12,-0.010752025375860397,-1.0,0.006487862464464127,0.9952206943994871,37,0.5405405405405406,10,7,20,0.5429873018571394,39,0.4358974358974359,7,12,20,0.4320657759174467,0.5577489175816334,0.32,0.2,0.5750481121494699,0.33532934131736525,0.17964071856287425,0.46390835973075445,0.203125,0.265625,0.46816242591720647,0.20149253731343283,0.2537313432835821,AAPL,SPY
2025-12-15,-0.0015108385386657375,-2.0,0.006414078743663135,0.9945591503948665,33,0.6666666666666666,14,3,16,0.6738863132603565,43,0.6162790697674418,17,7,19,0.6123183365413892,0.5806517385732953,0.32673267326732675,0.16831683168316833,0.5913564153327663,0.35,0.165,0.5037084907255444,0.24390243902439024,0.22764227642276422,0.5031833533569797,0.24858757062146894,0.23163841807909605,AAPL,SPY
2025-12-16,-0.0027323394075896568,-3.0,0.006470472334433045,0.9930516953366969,28,0.4642857142857143,9,11,8,0.4539434549156105,48,0.4479166666666667,6,11,31,0.44024959570372374,0.5616244412647247,0.336734693877551,0.21428571428571427,0.5744811394920628,0.34649122807017546,0.19298245614035087,0.4947094948141453,0.23076923076923078,0.23076923076923078,0.4897574850576184,0.2222222222222222,0.2311111111111111,AAPL,SPY
2025-12-17,-0.011003536401451242,-4.0,0.005911363106674686,0.9867928291580953,0,0.5,0,0,0,0.5,0,0.5,0,0,0,0.5,0.5729289356594895,0.3770491803278688,0.22950819672131148,0.5707529460970246,0.34210526315789475,0.19473684210526315,0.5215568029127303,0.25274725274725274,0.1978021978021978,0.4897574850576184,0.2222222222222222,0.2311111111111111,AAPL,SPY
2025-12-18,0.007551304892321253,1.0,0.007671258207679768,0.9979700029231496,0,0.5,0,0,0,0.5,0,0.5,0,0,0,0.5,0.4539434549156102,0.32142857142857145,0.39285714285714285,0.563500353002436,0.3416149068322981,0.2111801242236025,0.4402495957037235,0.125,0.22916666666666666,0.48786273566481764,0.2237442922374429,0.2374429223744292,AAPL,SPY
2025-12-19,0.0060905233502994705,2.0,0.0074904551504152,1.0043948857840415,0,0.5,0,0,0,0.5,0,0.5,0,0,0,0.5,0.5,0.0,0.0,0.5531491653762785,0.32558139534883723,0.21705426356589147,0.5,0.0,0.0,0.48589546756152463,0.21052631578947367,0.22807017543859648,AAPL,SPY
2025-12-22,0.006229874178387496,3.0,0.007967776209046385,1.0094305843318703,0,0.5,0,0,0,0.5,0,0.5,0,0,0,0.5,0.5,0.0,0.0,0.5616244412647247,0.336734693877551,0.21428571428571427,0.5,0.0,0.0,0.4947094948141454,0.23076923076923078,0.23076923076923078,AAPL,SPY
2025-12-23,0.0045704843606495515,4.0,0.007726184186851187,1.0113340825097679,0,0.5,0,0,0,0.5,0,0.5,0,0,0,0.5,0.5,0.0,0.0,0.5729289356594895,0.3770491803278688,0.22950819672131148,0.5,0.0,0.0,0.5215568029127304,0.25274725274725274,0.1978021978021978,AAPL,SPY
2025-12-24,0.003517621421107009,5.0,0.0015685044901093035,1.00925960608668,0,0.5,0,0,0,0.5,0,0.5,0,0,0,0.5,0.5,0.0,0.0,0.4539434549156102,0.32142857142857145,0.39285714285714285,0.5,0.0,0.0,0.44024959570372374,0.125,0.22916666666666666,AAPL,SPY
2025-12-26,-0.0001014040437492536,-1.0,0.00258376766403587,1.0050901464110034,0,0.5,0,0,0,0.5,0,0.5,0,0,0,0.5,0.5,0.0,0.0,0.5,0.0,0.0,0.5,0.0,0.0,0.5,0.0,0.0,AAPL,SPY
2025-12-29,-0.003563648189011559,-2.0,0.00393977211885017,0.9993955420869762,0,0.5,0,0,0,0.5,0,0.5,0,0,0,0.5,0.5,0.0,0.0,0.5,0.0,0.0,0.5,0.0,0.0,0.5,0.0,0.0,AAPL,SPY
2025-12-30,-0.0012211468345215692,-3.0,0.003369481310904195,0.9975432158136588,0,0.5,0,0,0,0.5,0,0.5,0,0,0,0.5,0.5,0.0,0.0,0.5,0.0,0.0,0.5,0.0,0.0,0.5,0.0,0.0,AAPL,SPY
2025-12-31,-0.007408955885817803,-4.0,0.004063814082415951,0.991892276473722,0,0.5,0,0,0,0.5,0,0.5,0,0,0,0.5,0.5,0.0,0.0,0.5,0.0,0.0,0.5,0.0,0.0,0.5,0.0,0.0,AAPL,SPY
2026-01-02,0.0018330596423725698,1.0,0.0035553733312739502,0.9957991422238944,0,0.5,0,0,0,0.5,0,0.5,0,0,0,0.5,0.5,0.0,0.0,0.5,0.0,0.0,0.5,0.0,0.0,0.5,0.0,0.0,AAPL,SPY
2026-01-05,0.006660110816910869,2.0,0.005339984549065802,1.0031887351727982,0,0.5,0,0,0,0.5,0,0.5,0,0,0,0.5,0.5,0.0,0.0,0.5,0.0,0.0,0.5,0.0,0.0,0.5,0.0,0.0,AAPL,SPY
2026-01-06,0.005947227112347964,3.0,0.005760178289982471,1.0079903848590877,0,0.5,0,0,0,0.5,0,0.5,0,0,0,0.5,0.5,0.0,0.0,0.5,0.0,0.0,0.5,0.0,0.0,0.5,0.0,0.0,AAPL,SPY
2026-01-07,-0.0032234001772446508,-1.0,0.006030534679162654,1.0039893234150996,0,0.5,0,0,0,0.5,0,0.5,0,0,0,0.5,0.5,0.0,0.0,0.5,0.0,0.0,0.5,0.0,0.0,0.5,0.0,0.0,AAPL,SPY
2026-01-08,-0.00010152168346500012,-2.0,0.004146581404323671,1.0016735683576146,0,0.5,0,0,0,0.5,0,0.5,0,0,0,0.5,0.5,0.0,0.0,0.5,0.0,0.0,0.5,0.0,0.0,0.5,0.0,0.0,AAPL,SPY
2026-01-09,0.006613388484590255,1.0,0.004564230179998704,1.005114862373164,0,0.5,0,0,0,0.5,20,0.5,7,7,6,0.4878769423805506,0.5,0.0,0.0,0.5,0.0,0.0,0.4878769423805501,0.35,0.35,0.4878769423805506,0.35,0.35,AAPL,SPY
2026-01-12,0.0015703975230316747,2.0,0.004141825070198053,1.0045286913548714,18,0.6944444444444444,9,2,7,0.6867892837107774,51,0.4803921568627451,12,14,25,0.4800374439191388,0.6867892837107771,0.5,0.1111111111111111,0.6867892837107771,0.5,0.1111111111111111,0.48224575334488845,0.2676056338028169,0.29577464788732394,0.4822457533448887,0.2676056338028169,0.29577464788732394,AAPL,SPY
2026-01-13,-0.001999473023445053,-1.0,0.0038394771725920487,1.0019525982133173,77,0.6363636363636364,36,15,26,0.6353165263039967,52,0.38461538461538464,6,18,28,0.38697382424913696,0.6450692592863341,0.47368421052631576,0.17894736842105263,0.6450692592863341,0.47368421052631576,0.17894736842105263,0.44196818982473335,0.2032520325203252,0.3170731707317073,0.44196818982473346,0.2032520325203252,0.3170731707317073,AAPL,SPY
2026-01-14,-0.004915222744839132,-2.0,0.004304010513956863,0.9968032099458008,63,0.5476190476190477,26,20,17,0.5428046933714684,44,0.4318181818181818,6,12,26,0.4237051848117997,0.6042928817380016,0.44936708860759494,0.23417721518987342,0.6042928817380016,0.44936708860759494,0.23417721518987342,0.43025562335068285,0.16326530612244897,0.29931972789115646,0.437156380120727,0.18562874251497005,0.30538922155688625,AAPL,SPY
2026-01-15,0.0027232240029890775,1.0,0.0044325104906780145,0.9987303715243943,85,0.6176470588235294,44,24,17,0.6235543128158166,56,0.5803571428571429,16,7,33,0.583395760878882,0.6049697102095764,0.4711111111111111,0.26222222222222225,0.6110304193578134,0.4732510288065844,0.25102880658436216,0.46997256317034003,0.18421052631578946,0.24342105263157895,0.4738801708043892,0.21076233183856502,0.2600896860986547,AAPL,SPY
2026-01-16,-0.0008378844014015341,-1.0,0.003014488996665265,0.9985879851332646,0,0.5,0,0,0,0.5,0,0.5,0,0,0,0.5,0.58918116399829,0.47297297297297297,0.2972972972972973,0.6110304193578134,0.4732510288065844,0.25102880658436216,0.5131319074093657,0.22,0.19,0.4738801708043892,0.21076233183856502,0.2600896860986547,AAPL,SPY
2026-01-20,-0.020356759970762806,-2.0,0.00896914160109221,0.9832511804447723,0,0.5,0,0,0,0.5,0,0.5,0,0,0,0.5,0.6235543128158165,0.5176470588235295,0.2823529411764706,0.6110304193578134,0.4732510288065844,0.25102880658436216,0.5833957608788818,0.2857142857142857,0.125,0.4738801708043892,0.21076233183856502,0.2600896860986547,AAPL,SPY
2026-01-21,0.011541083159159804,1.0,0.011745299408029519,0.9970209039249063,0,0.5,0,0,0,0.5,0,0.5,0,0,0,0.5,0.5,0.0,0.0,0.6110304193578134,0.4732510288065844,0.25102880658436216,0.5,0.0,0.0,0.47250117853087575,0.19704433497536947,0.2512315270935961,AAPL,SPY
2026-01-22,0.005223163010167564,2.0,0.012066594582933483,1.0026310492950028,0,0.5,0,0,0,0.5,0,0.5,0,0,0,0.5,0.5,0.0,0.0,0.6049697102095764,0.4711111111111111,0.26222222222222225,0.5,0.0,0.0,0.46997256317034014,0.18421052631578946,0.24342105263157895,AAPL,SPY
2026-01-23,0.00036285524556167736,3.0,0.011962445839816411,1.003874310515286,0,0.5,0,0,0,0.5,0,0.5,0,0,0,0.5,0.5,0.0,0.0,0.58918116399829,0.47297297297297297,0.2972972972972973,0.5,0.0,0.0,0.5131319074093658,0.22,0.19,AAPL,SPY
2026-01-26,0.00507813081145958,4.0,0.012248585789350017,1.0086577205006386,0,0.5,0,0,0,0.5,0,0.5,0,0,0,0.5,0.5,0.0,0.0,0.6235543128158165,0.5176470588235295,0.2823529411764706,0.5,0.0,0.0,0.583395760878882,0.2857142857142857,0.125,AAPL,SPY
2026-01-27,0.003984250492172103,5.0,0.004034028995823731,1.007422148669939,0,0.5,0,0,0,0.5,0,0.5,0,0,0,0.5,0.5,0.0,0.0,0.5,0.0,0.0,0.5,0.0,0.0,0.5,0.0,0.0,AAPL,SPY
2026-01-28,-0.0001006589961060067,-1.0,0.002586384610659548,1.0044051591999703,0,0.5,0,0,0,0.5,0,0.5,0,0,0,0.5,0.5,0.0,0.0,0.5,0.0,0.0,0.5,0.0,0.0,0.5,0.0,0.0,AAPL,SPY
2026-01-29,-0.001984419367757506,-2.0,0.0029565941755420252,1.0009489655372503,0,0.5,0,0,0,0.5,0,0.5,0,0,0,0.5,0.5,0.0,0.0,0.5,0.0,0.0,0.5,0.0,0.0,0.5,0.0,0.0,AAPL,SPY
2026-01-30,-0.002982547677011782,-3.0,0.003581678855895718,0.9971754934636186,0,0.5,0,0,0,0.5,0,0.5,0,0,0,0.5,0.5,0.0,0.0,0.5,0.0,0.0,0.5,0.0,0.0,0.5,0.0,0.0,AAPL,SPY
2026-02-02,0.004971317523953855,1.0,0.0035499533255395825,1.001359309410634,0,0.5,0,0,0,0.5,0,0.5,0,0,0,0.5,0.5,0.0,0.0,0.5,0.0,0.0,0.5,0.0,0.0,0.5,0.0,0.0,AAPL,SPY
2026-02-03,-0.008455363130712823,-1.0,0.004858615777890734,0.9945995990175198,0,0.5,0,0,0,0.5,0,0.5,0,0,0,0.5,0.5,0.0,0.0,0.5,0.0,0.0,0.5,0.0,0.0,0.5,0.0,0.0,AAPL,SPY
2026-02-04,-0.0048439179057576665,-2.0,0.0049283156210331415,0.9924243907514138,0,0.5,0,0,0,0.5,0,0.5,0,0,0,0.5,0.5,0.0,0.0,0.5,0.0,0.0,0.5,0.0,0.0,0.5,0.0,0.0,AAPL,SPY
2026-02-05,-0.0124892628772314,-3.0,0.00654335794929455,0.9847066905864954,0,0.5,0,0,0,0.5,0,0.5,0,0,0,0.5,0.5,0.0,0.0,0.5,0.0,0.0,0.5,0.0,0.0,0.5,0.0,0.0,AAPL,SPY
2026-02-06,0.019184793975496328,1.0,0.01268045488394757,1.0039920044915907,0,0.5,0,0,0,0.5,0,0.5,0,0,0,0.5,0.5,0.0,0.0,0.5,0.0,0.0,0.5,0.0,0.0,0.5,0.0,0.0,AAPL,SPY
2026-02-09,0.004821779145387506,2.0,0.012665002798996641,1.0092614485367317,0,0.5,0,0,0,0.5,0,0.5,0,0,0,0.5,0.5,0.0,0.0,0.5,0.0,0.0,0.5,0.0,0.0,0.5,0.0,0.0,AAPL,SPY
2026-02-10,-0.0026371021797716443,-1.0,0.01198381285486686,1.0058421670065216,38,0.6447368421052632,20,9,9,0.6308423896153215,26,0.5192307692307693,5,4,17,0.5231697472401495,0.6308423896153212,0.5263157894736842,0.23684210526315788,0.6308423896153212,0.5263157894736842,0.23684210526315788,0.523169747240149,0.19230769230769232,0.15384615384615385,0.5231697472401495,0.19230769230769232,0.15384615384615385,AAPL,SPY
2026-02-11,-0.00023113498477123073,-2.0,0.011611782803341516,1.0039260099340306,40,0.5,11,11,18,0.5000620054457544,76,0.4407894736842105,14,23,39,0.4453946936344957,0.5637755259386202,0.3974358974358974,0.2564102564102564,0.5637755259386202,0.3974358974358974,0.2564102564102564,0.46521970729868184,0.18627450980392157,0.2647058823529412,0.46521970729868195,0.18627450980392157,0.2647058823529412,AAPL,SPY
2026-02-12,-0.015448872914552103,-3.0,0.012554952027846239,0.9873707373695432,96,0.3854166666666667,26,48,22,0.36300966488388775,52,0.38461538461538464,7,19,26,0.3899503793492007,0.4530081543222161,0.3275862068965517,0.39080459770114945,0.4530081543222161,0.3275862068965517,0.39080459770114945,0.4398040900689869,0.16883116883116883,0.2987012987012987,0.439804090068987,0.16883116883116883,0.2987012987012987,AAPL,SPY
2026-02-13,0.0007045377823615695,1.0,0.007692536242087017,0.9906133161768091,47,0.3829787234042553,8,19,20,0.3639500909732919,76,0.42105263157894735,13,25,38,0.41380214612484933,0.39320799083294045,0.2459016393442623,0.4262295081967213,0.4340682041982367,0.29411764705882354,0.3936651583710407,0.41949205660719924,0.16666666666666666,0.3284313725490196,0.4312121433744024,0.16956521739130434,0.30869565217391304,AAPL,SPY
2026-02-17,0.0016134588719287635,2.0,0.007028170148764744,0.995422634667716,0,0.5,0,0,0,0.5,0,0.5,0,0,0,0.5,0.3633187559762093,0.23776223776223776,0.46853146853146854,0.4340682041982367,0.29411764705882354,0.3936651583710407,0.404112365872242,0.15625,0.34375,0.4312121433744024,0.16956521739130434,0.30869565217391304,AAPL,SPY
2026-02-18,0.005037713354905549,3.0,0.00795833665885695,1.0021406653475882,0,0.5,0,0,0,0.5,0,0.5,0,0,0,0.5,0.3639500909732916,0.1702127659574468,0.40425531914893614,0.4340682041982367,0.29411764705882354,0.3936651583710407,0.4138021461248492,0.17105263157894737,0.32894736842105265,0.4312121433744024,0.16956521739130434,0.30869565217391304,AAPL,SPY
2026-02-19,-0.002637365569283623,-1.0,0.007922636904329705,1.001685851833576,0,0.5,0,0,0,0.5,0,0.5,0,0,0,0.5,0.5,0.0,0.0,0.4340682041982367,0.29411764705882354,0.3936651583710407,0.5,0.0,0.0,0.4312121433744024,0.16956521739130434,0.30869565217391304,AAPL,SPY
2026-02-20,0.007231785221302411,1.0,0.0038461498187634686,1.0065259393538506,0,0.5,0,0,0,0.5,0,0.5,0,0,0,0.5,0.5,0.0,0.0,0.39320799083294045,0.2459016393442623,0.4262295081967213,0.5,0.0,0.0,0.4194920566071993,0.16666666666666666,0.3284313725490196,AAPL,SPY
2026-02-23,-0.010211302238274489,-1.0,0.006915434953781984,0.9960618582153496,0,0.5,0,0,0,0.5,0,0.5,0,0,0,0.5,0.5,0.0,0.0,0.3633187559762093,0.23776223776223776,0.46853146853146854,0.5,0.0,0.0,0.4041123658722421,0.15625,0.34375,AAPL,SPY
2026-02-24,0.007268513358970052,1.0,0.007628654621862496,1.0019854389988665,0,0.5,0,0,0,0.5,0,0.5,0,0,0,0.5,0.5,0.0,0.0,0.3639500909732916,0.1702127659574468,0.40425531914893614,0.5,0.0,0.0,0.4138021461248494,0.17105263157894737,0.32894736842105265,AAPL,SPY
2026-02-25,0.008438276037153747,2.0,0.008173121390828072,1.0084235726199287,0,0.5,0,0,0,0.5,0,0.5,0,0,0,0.5,0.5,0.0,0.0,0.5,0.0,0.0,0.5,0.0,0.0,0.5,0.0,0.0,AAPL,SPY
2026-02-26,-0.005554405951797015,-1.0,0.008677076447997778,1.0014179205881473,0,0.5,0,0,0,0.5,0,0.5,0,0,0,0.5,0.5,0.0,0.0,0.5,0.0,0.0,0.5,0.0,0.0,0.5,0.0,0.0,AAPL,SPY
2026-02-27,-0.004801969559279806,-2.0,0.00832903314225635,0.9976062796242668,0,0.5,0,0,0,0.5,0,0.5,0,0,0,0.5,0.5,0.0,0.0,0.5,0.0,0.0,0.5,0.0,0.0,0.5,0.0,0.0,AAPL,SPY
2026-03-02,0.0005685427688300049,1.0,0.006543366055789477,0.997016429012198,0,0.5,0,0,0,0.5,0,0.5,0,0,0,0.5,0.5,0.0,0.0,0.5,0.0,0.0,0.5,0.0,0.0,0.5,0.0,0.0,AAPL,SPY
2026-03-03,-0.008814341545397508,-1.0,0.006754067882292419,0.9902478963868375,0,0.5,0,0,0,0.5,0,0.5,0,0,0,0.5,0.5,0.0,0.0,0.5,0.0,0.0,0.5,0.0,0.0,0.5,0.0,0.0,AAPL,SPY
2026-03-04,0.007055381465455479,1.0,0.006225731234399303,0.9995681574767689,0,0.5,0,0,0,0.5,0,0.5,0,0,0,0.5,0.5,0.0,0.0,0.5,0.0,0.0,0.5,0.0,0.0,0.5,0.0,0.0,AAPL,SPY
2026-03-05,-0.0055755948462250515,-1.0,0.006228498910658719,0.9963177796751435,0,0.5,0,0,0,0.5,0,0.5,0,0,0,0.5,0.5,0.0,0.0,0.5,0.0,0.0,0.5,0.0,0.0,0.5,0.0,0.0,AAPL,SPY
2026-03-06,-0.013107091790493297,-2.0,0.007932359774547176,0.9871884832882178,0,0.5,0,0,0,0.5,0,0.5,0,0,0,0.5,0.5,0.0,0.0,0.5,0.0,0.0,0.5,0.0,0.0,0.5,0.0,0.0,AAPL,SPY
2026-03-09,0.008759949144329537,1.0,0.00974420898499003,0.998213365962834,11,0.7272727272727273,6,1,4,0.757021900441083,0,0.5,0,0,0,0.5,0.7570219004410816,0.5454545454545454,0.09090909090909091,0.7570219004410816,0.5454545454545454,0.09090909090909091,0.5,0.0,0.0,0.5,0.0,0.0,AAPL,SPY
2026-03-10,-0.001607069196751576,-1.0,0.009055064948892959,0.9975340629637062,51,0.47058823529411764,14,17,20,0.46693549978474036,0,0.5,0,0,0,0.5,0.5184024418366718,0.3225806451612903,0.2903225806451613,0.5184024418366718,0.3225806451612903,0.2903225806451613,0.5,0.0,0.0,0.5,0.0,0.0,AAPL,SPY
2026-03-11,-0.0012551693717042234,-2.0,0.00792285966498913,0.9988716644208188,29,0.6206896551724138,10,3,16,0.6235911729423044,0,0.5,0,0,0,0.5,0.5519241253758295,0.32967032967032966,0.23076923076923078,0.5519241253758295,0.32967032967032966,0.23076923076923078,0.5,0.0,0.0,0.5,0.0,0.0,AAPL,SPY
2026-03-12,-0.0151849234423167,-3.0,0.00978483021704967,0.9881550630020074,40,0.55,13,9,18,0.5420541232819008,45,0.4666666666666667,7,10,28,0.4664938337105982,0.5298334952968717,0.30833333333333335,0.24166666666666667,0.5489103842784466,0.3282442748091603,0.22900763358778625,0.46649383371059805,0.15555555555555556,0.2222222222222222,0.4664938337105984,0.15555555555555556,0.2222222222222222,AAPL,SPY
2026-03-13,-0.005660180081477395,-4.0,0.008643342204869557,0.9855124311632724,45,0.5,12,12,21,0.5010025817927762,89,0.3539325842696629,6,32,51,0.349094877701019,0.5465914484848928,0.30701754385964913,0.21052631578947367,0.5366612302338151,0.3125,0.23863636363636365,0.3885199002415493,0.09701492537313433,0.31343283582089554,0.38851990024154937,0.09701492537313433,0.31343283582089554,AAPL,SPY
2026-03-16,0.010176888512803295,1.0,0.009134167792518117,0.9982870616048362,37,0.5675675675675675,14,9,14,0.5671065157155497,88,0.42613636363636365,9,22,57,0.4283389250541619,0.534510017978904,0.319672131147541,0.2459016393442623,0.5419498478996563,0.323943661971831,0.23943661971830985,0.4043040181852876,0.0990990990990991,0.2882882882882883,0.40430401818528766,0.0990990990990991,0.2882882882882883,AAPL,SPY
2026-03-17,0.0026305975119209624,2.0,0.009452683668700437,1.00282550161062,0,0.5,0,0,0,0.5,0,0.5,0,0,0,0.5,0.5308299666115884,0.3170731707317073,0.25609756097560976,0.5419498478996563,0.323943661971831,0.23943661971830985,0.3884930481364798,0.0847457627118644,0.3050847457627119,0.40430401818528766,0.0990990990990991,0.2882882882882883,AAPL,SPY
2026-03-18,-0.013953675007322364,-1.0,0.010852307341818582,0.9932574446264885,0,0.5,0,0,0,0.5,0,0.5,0,0,0,0.5,0.5671065157155493,0.3783783783783784,0.24324324324324326,0.530238003454331,0.3118811881188119,0.24752475247524752,0.42833892505416177,0.10227272727272728,0.25,0.40430401818528766,0.0990990990990991,0.2882882882882883,AAPL,SPY
2026-03-19,-0.002464364937880159,-2.0,0.009029335255107776,0.992676034620051,0,0.5,0,0,0,0.5,0,0.5,0,0,0,0.5,0.5,0.0,0.0,0.5516183192632655,0.32450331125827814,0.2185430463576159,0.5,0.0,0.0,0.40430401818528766,0.0990990990990991,0.2882882882882883,AAPL,SPY
2026-03-20,-0.017020279897722146,-3.0,0.01135595560508607,0.9798254909643396,0,0.5,0,0,0,0.5,0,0.5,0,0,0,0.5,0.5,0.0,0.0,0.534510017978904,0.319672131147541,0.2459016393442623,0.5,0.0,0.0,0.40430401818528766,0.0990990990990991,0.2882882882882883,AAPL,SPY
2026-03-23,0.01050001924493782,1.0,0.011458162538571121,0.9942141626111374,0,0.5,0,0,0,0.5,0,0.5,0,0,0,0.5,0.5,0.0,0.0,0.5308299666115884,0.3170731707317073,0.25609756097560976,0.5,0.0,0.0,0.3884930481364799,0.0847457627118644,0.3050847457627119,AAPL,SPY
2026-03-24,-0.0033568497522664664,-1.0,0.010882324275731513,0.996199312452467,0,0.5,0,0,0,0.5,0,0.5,0,0,0,0.5,0.5,0.0,0.0,0.5671065157155493,0.3783783783783784,0.24324324324324326,0.5,0.0,0.0,0.42833892505416193,0.10227272727272728,0.25,AAPL,SPY
2026-03-25,0.0055727589473859585,1.0,0.010478244183834196,1.0031615232137743,0,0.5,0,0,0,0.5,0,0.5,0,0,0,0.5,0.5,0.0,0.0,0.5,0.0,0.0,0.5,0.0,0.0,0.5,0.0,0.0,AAPL,SPY
2026-03-26,-0.017858744158138706,-1.0,0.012873991183163002,0.9896933132509722,0,0.5,0,0,0,0.5,0,0.5,0,0,0,0.5,0.5,0.0,0.0,0.5,0.0,0.0,0.5,0.0,0.0,0.5,0.0,0.0,AAPL,SPY
2026-03-27,-0.017051883523327982,-2.0,0.01288172180266191,0.9771587139772265,0,0.5,0,0,0,0.5,0,0.5,0,0,0,0.5,0.5,0.0,0.0,0.5,0.0,0.0,0.5,0.0,0.0,0.5,0.0,0.0,AAPL,SPY
2026-03-30,-0.0033434623831846144,-3.0,0.010043084707582535,0.9809694766049935,0,0.5,0,0,0,0.5,0,0.5,0,0,0,0.5,0.5,0.0,0.0,0.5,0.0,0.0,0.5,0.0,0.0,0.5,0.0,0.0,AAPL,SPY
2026-03-31,0.02906792569891481,1.0,0.01932788673320623,1.010375033814543,0,0.5,0,0,0,0.5,0,0.5,0,0,0,0.5,0.5,0.0,0.0,0.5,0.0,0.0,0.5,0.0,0.0,0.5,0.0,0.0,AAPL,SPY
2026-04-01,0.007534463782890022,2.0,0.019506710648370517,1.0184876905741724,0,0.5,0,0,0,0.5,0,0.5,0,0,0,0.5,0.5,0.0,0.0,0.5,0.0,0.0,0.5,0.0,0.0,0.5,0.0,0.0,AAPL,SPY
2026-04-02,0.0009004744280911581,3.0,0.016925833370049,1.0160125588162636,0,0.5,0,0,0,0.5,0,0.5,0,0,0,0.5,0.5,0.0,0.0,0.5,0.0,0.0,0.5,0.0,0.0,0.5,0.0,0.0,AAPL,SPY
2026-04-06,0.004726797348638012,4.0,0.012585878638549406,1.0130184287020905,0,0.5,0,0,0,0.5,0,0.5,0,0,0,0.5,0.5,0.0,0.0,0.5,0.0,0.0,0.5,0.0,0.0,0.5,0.0,0.0,AAPL,SPY
2026-04-07,0.0004400741058487867,5.0,0.01184185710002234,1.0050433155573748,0,0.5,0,0,0,0.5,0,0.5,0,0,0,0.5,0.5,0.0,0.0,0.5,0.0,0.0,0.5,0.0,0.0,0.5,0.0,0.0,AAPL,SPY
2026-04-08,0.025469554638327674,6.0,0.010289547959553825,1.0226368721092032,0,0.5,0,0,0,0.5,0,0.5,0,0,0,0.5,0.5,0.0,0.0,0.5,0.0,0.0,0.5,0.0,0.0,0.5,0.0,0.0,AAPL,SPY
2026-04-09,0.00576909117108837,7.0,0.010331751494541472,1.0209165149433124,3,0.3333333333333333,1,2,0,0.3121623879608464,0,0.5,0,0,0,0.5,0.31216238796084167,0.3333333333333333,0.6666666666666666,0.31216238796084167,0.3333333333333333,0.6666666666666666,0.5,0.0,0.0,0.5,0.0,0.0,AAPL,SPY
2026-04-10,-0.0006617805145495703,-1.0,0.010599904656373598,1.0130519607744106,62,0.532258064516129,21,17,24,0.5403108015569873,4,0.625,1,0,3,0.6555530311050302,0.5297808747756267,0.3384615384615385,0.2923076923076923,0.5297808747756267,0.3384615384615385,0.2923076923076923,0.6555530311050284,0.25,0.0,0.6555530311050319,0.25,0.0,AAPL,SPY
2026-04-13,0.009772397784351794,1.0,0.010551753384382972,1.01473065562667,37,0.5945945945945946,14,7,16,0.5970261699115764,62,0.4274193548387097,14,23,25,0.43284293740446,0.5541737759523928,0.35294117647058826,0.2549019607843137,0.5541737759523928,0.35294117647058826,0.2549019607843137,0.44634051884085807,0.22727272727272727,0.3484848484848485,0.4463405188408583,0.22727272727272727,0.3484848484848485,AAPL,SPY
2026-04-14,0.01218488075237012,2.0,0.009674998755116288,1.016499150272427,61,0.6229508196721312,25,10,26,0.6391337715713633,86,0.4941860465116279,23,24,39,0.49731456383750344,0.5911024878069668,0.375,0.2125,0.5859686209386332,0.37423312883435583,0.22085889570552147,0.4751810969310653,0.25,0.3092105263157895,0.4751810969310654,0.25,0.3092105263157895,AAPL,SPY
2026-04-15,0.007890994867038925,3.0,0.004888268414969432,1.0173931041506716,62,0.6451612903225806,29,11,22,0.6496627896088937,79,0.4050632911392405,14,29,36,0.40819611042242654,0.6334763831770805,0.425,0.175,0.6035199029722161,0.4,0.2088888888888889,0.4486907812003238,0.22466960352422907,0.33480176211453744,0.4522728115017041,0.22510822510822512,0.329004329004329,AAPL,SPY
2026-04-16,0.002457311622604319,4.0,0.005302101905384842,1.0134849783255566,0,0.5,0,0,0,0.5,0,0.5,0,0,0,0.5,0.64444108147646,0.43902439024390244,0.17073170731707318,0.6035199029722161,0.4,0.2088888888888889,0.4546457285660424,0.22424242424242424,0.3212121212121212,0.4522728115017041,0.22510822510822512,0.329004329004329,AAPL,SPY
2026-04-17,0.012085685130224011,5.0,0.0040069960584946255,1.0167225283204053,0,0.5,0,0,0,0.5,75,0.48,11,14,50,0.48723100291661037,0.6496627896088935,0.46774193548387094,0.1774193548387097,0.6035199029722161,0.4,0.2088888888888889,0.44668712949426936,0.16233766233766234,0.2792207792207792,0.4608409956720243,0.20588235294117646,0.29411764705882354,AAPL,SPY
2026-04-20,-0.001999667552905704,-1.0,0.006205591231535893,1.0081594661457196,85,0.47058823529411764,16,21,48,0.4672024215769639,63,0.5158730158730159,15,13,35,0.5135779938860764,0.46720242157696373,0.18823529411764706,0.24705882352941178,0.5686244196707102,0.34201954397394135,0.21498371335504887,0.4992589770548448,0.18840579710144928,0.1956521739130435,0.4698448734158868,0.21138211382113822,0.2791327913279133,AAPL,SPY
2026-04-21,-0.006546949154936255,-2.0,0.007460887055826095,0.9988254091019158,134,0.5223880597014925,29,23,82,0.5200985779579989,82,0.5182926829268293,18,15,49,0.5182695564635321,0.4995681063032592,0.2054794520547945,0.2009132420091324,0.5560993049835005,0.29815303430079154,0.18997361477572558,0.5063447384708101,0.2,0.19090909090909092,0.4770663306399368,0.21252796420581654,0.2639821029082774,AAPL,SPY
