date,spy_article_count,spy_avg_sentiment,spy_positive_count,spy_negative_count,spy_neutral_count,spy_weighted_sentiment,spy_sentiment_7d_prior,spy_article_count_7d_prior,spy_positive_share_7d_prior,spy_negative_share_7d_prior
2021-04-21,0,0.5,0,0,0,0.5,0.5,0,0.0,0.0
2021-04-22,0,0.5,0,0,0,0.5,0.5,0,0.0,0.0
2021-04-23,0,0.5,0,0,0,0.5,0.5,0,0.0,0.0
2021-04-24,0,0.5,0,0,0,0.5,0.5,0,0.0,0.0
2021-04-25,0,0.5,0,0,0,0.5,0.5,0,0.0,0.0
2021-04-26,0,0.5,0,0,0,0.5,0.5,0,0.0,0.0
2021-04-27,0,0.5,0,0,0,0.5,0.5,0,0.0,0.0
2021-04-28,0,0.5,0,0,0,0.5,0.5,0,0.0,0.0
2021-04-29,0,0.5,0,0,0,0.5,0.5,0,0.0,0.0
2021-04-30,0,0.5,0,0,0,0.5,0.5,0,0.0,0.0
2021-05-01,0,0.5,0,0,0,0.5,0.5,0,0.0,0.0
2021-05-02,0,0.5,0,0,0,0.5,0.5,0,0.0,0.0
2021-05-03,0,0.5,0,0,0,0.5,0.5,0,0.0,0.0
2021-05-04,0,0.5,0,0,0,0.5,0.5,0,0.0,0.0
2021-05-05,0,0.5,0,0,0,0.5,0.5,0,0.0,0.0
2021-05-06,0,0.5,0,0,0,0.5,0.5,0,0.0,0.0
2021-05-07,0,0.5,0,0,0,0.5,0.5,0,0.0,0.0
2021-05-08,0,0.5,0,0,0,0.5,0.5,0,0.0,0.0
2021-05-09,0,0.5,0,0,0,0.5,0.5,0,0.0,0.0
2021-05-10,0,0.5,0,0,0,0.5,0.5,0,0.0,0.0
2021-05-11,0,0.5,0,0,0,0.5,0.5,0,0.0,0.0
2021-05-12,0,0.5,0,0,0,0.5,0.5,0,0.0,0.0
2021-05-13,0,0.5,0,0,0,0.5,0.5,0,0.0,0.0
2021-05-14,0,0.5,0,0,0,0.5,0.5,0,0.0,0.0
2021-05-15,0,0.5,0,0,0,0.5,0.5,0,0.0,0.0
2021-05-16,0,0.5,0,0,0,0.5,0.5,0,0.0,0.0
2021-05-17,0,0.5,0,0,0,0.5,0.5,0,0.0,0.0
2021-05-18,0,0.5,0,0,0,0.5,0.5,0,0.0,0.0
2021-05-19,0,0.5,0,0,0,0.5,0.5,0,0.0,0.0
2021-05-20,0,0.5,0,0,0,0.5,0.5,0,0.0,0.0
2021-05-21,0,0.5,0,0,0,0.5,0.5,0,0.0,0.0
2021-05-22,0,0.5,0,0,0,0.5,0.5,0,0.0,0.0
2021-05-23,0,0.5,0,0,0,0.5,0.5,0,0.0,0.0
2021-05-24,0,0.5,0,0,0,0.5,0.5,0,0.0,0.0
2021-05-25,0,0.5,0,0,0,0.5,0.5,0,0.0,0.0
2021-05-26,0,0.5,0,0,0,0.5,0.5,0,0.0,0.0
2021-05-27,0,0.5,0,0,0,0.5,0.5,0,0.0,0.0
2021-05-28,0,0.5,0,0,0,0.5,0.5,0,0.0,0.0
2021-05-29,0,0.5,0,0,0,0.5,0.5,0,0.0,0.0
2021-05-30,0,0.5,0,0,0,0.5,0.5,0,0.0,0.0
2021-05-31,0,0.5,0,0,0,0.5,0.5,0,0.0,0.0
2021-06-01,0,0.5,0,0,0,0.5,0.5,0,0.0,0.0
2021-06-02,0,0.5,0,0,0,0.5,0.5,0,0.0,0.0
2021-06-03,0,0.5,0,0,0,0.5,0.5,0,0.0,0.0
2021-06-04,0,0.5,0,0,0,0.5,0.5,0,0.0,0.0
2021-06-05,0,0.5,0,0,0,0.5,0.5,0,0.0,0.0
2021-06-06,0,0.5,0,0,0,0.5,0.5,0,0.0,0.0
2021-06-07,0,0.5,0,0,0,0.5,0.5,0,0.0,0.0
2021-06-08,0,0.5,0,0,0,0.5,0.5,0,0.0,0.0
2021-06-09,0,0.5,0,0,0,0.5,0.5,0,0.0,0.0
2021-06-10,0,0.5,0,0,0,0.5,0.5,0,0.0,0.0
2021-06-11,0,0.5,0,0,0,0.5,0.5,0,0.0,0.0
2021-06-12,0,0.5,0,0,0,0.5,0.5,0,0.0,0.0
2021-06-13,0,0.5,0,0,0,0.5,0.5,0,0.0,0.0
2021-06-14,0,0.5,0,0,0,0.5,0.5,0,0.0,0.0
2021-06-15,0,0.5,0,0,0,0.5,0.5,0,0.0,0.0
2021-06-16,0,0.5,0,0,0,0.5,0.5,0,0.0,0.0
2021-06-17,0,0.5,0,0,0,0.5,0.5,0,0.0,0.0
2021-06-18,0,0.5,0,0,0,0.5,0.5,0,0.0,0.0
2021-06-19,0,0.5,0,0,0,0.5,0.5,0,0.0,0.0
2021-06-20,0,0.5,0,0,0,0.5,0.5,0,0.0,0.0
2021-06-21,0,0.5,0,0,0,0.5,0.5,0,0.0,0.0
2021-06-22,0,0.5,0,0,0,0.5,0.5,0,0.0,0.0
2021-06-23,0,0.5,0,0,0,0.5,0.5,0,0.0,0.0
2021-06-24,0,0.5,0,0,0,0.5,0.5,0,0.0,0.0
2021-06-25,0,0.5,0,0,0,0.5,0.5,0,0.0,0.0
2021-06-26,0,0.5,0,0,0,0.5,0.5,0,0.0,0.0
2021-06-27,0,0.5,0,0,0,0.5,0.5,0,0.0,0.0
2021-06-28,0,0.5,0,0,0,0.5,0.5,0,0.0,0.0
2021-06-29,0,0.5,0,0,0,0.5,0.5,0,0.0,0.0
2021-06-30,0,0.5,0,0,0,0.5,0.5,0,0.0,0.0
2021-07-01,0,0.5,0,0,0,0.5,0.5,0,0.0,0.0
2021-07-02,0,0.5,0,0,0,0.5,0.5,0,0.0,0.0
2021-07-03,0,0.5,0,0,0,0.5,0.5,0,0.0,0.0
2021-07-04,0,0.5,0,0,0,0.5,0.5,0,0.0,0.0
2021-07-05,0,0.5,0,0,0,0.5,0.5,0,0.0,0.0
2021-07-06,0,0.5,0,0,0,0.5,0.5,0,0.0,0.0
2021-07-07,0,0.5,0,0,0,0.5,0.5,0,0.0,0.0
2021-07-08,0,0.5,0,0,0,0.5,0.5,0,0.0,0.0
2021-07-09,0,0.5,0,0,0,0.5,0.5,0,0.0,0.0
2021-07-10,0,0.5,0,0,0,0.5,0.5,0,0.0,0.0
2021-07-11,0,0.5,0,0,0,0.5,0.5,0,0.0,0.0
2021-07-12,0,0.5,0,0,0,0.5,0.5,0,0.0,0.0
2021-07-13,0,0.5,0,0,0,0.5,0.5,0,0.0,0.0
2021-07-14,0,0.5,0,0,0,0.5,0.5,0,0.0,0.0
2021-07-15,0,0.5,0,0,0,0.5,0.5,0,0.0,0.0
2021-07-16,0,0.5,0,0,0,0.5,0.5,0,0.0,0.0
2021-07-17,0,0.5,0,0,0,0.5,0.5,0,0.0,0.0
2021-07-18,0,0.5,0,0,0,0.5,0.5,0,0.0,0.0
2021-07-19,0,0.5,0,0,0,0.5,0.5,0,0.0,0.0
2021-07-20,0,0.5,0,0,0,0.5,0.5,0,0.0,0.0
2021-07-21,0,0.5,0,0,0,0.5,0.5,0,0.0,0.0
2021-07-22,0,0.5,0,0,0,0.5,0.5,0,0.0,0.0
2021-07-23,0,0.5,0,0,0,0.5,0.5,0,0.0,0.0
2021-07-24,0,0.5,0,0,0,0.5,0.5,0,0.0,0.0
2021-07-25,0,0.5,0,0,0,0.5,0.5,0,0.0,0.0
2021-07-26,0,0.5,0,0,0,0.5,0.5,0,0.0,0.0
2021-07-27,0,0.5,0,0,0,0.5,0.5,0,0.0,0.0
2021-07-28,0,0.5,0,0,0,0.5,0.5,0,0.0,0.0
2021-07-29,0,0.5,0,0,0,0.5,0.5,0,0.0,0.0
2021-07-30,0,0.5,0,0,0,0.5,0.5,0,0.0,0.0
2021-07-31,0,0.5,0,0,0,0.5,0.5,0,0.0,0.0
2021-08-01,0,0.5,0,0,0,0.5,0.5,0,0.0,0.0
2021-08-02,0,0.5,0,0,0,0.5,0.5,0,0.0,0.0
2021-08-03,0,0.5,0,0,0,0.5,0.5,0,0.0,0.0
2021-08-04,0,0.5,0,0,0,0.5,0.5,0,0.0,0.0
2021-08-05,0,0.5,0,0,0,0.5,0.5,0,0.0,0.0
2021-08-06,0,0.5,0,0,0,0.5,0.5,0,0.0,0.0
2021-08-07,0,0.5,0,0,0,0.5,0.5,0,0.0,0.0
2021-08-08,0,0.5,0,0,0,0.5,0.5,0,0.0,0.0
2021-08-09,0,0.5,0,0,0,0.5,0.5,0,0.0,0.0
2021-08-10,0,0.5,0,0,0,0.5,0.5,0,0.0,0.0
2021-08-11,0,0.5,0,0,0,0.5,0.5,0,0.0,0.0
2021-08-12,0,0.5,0,0,0,0.5,0.5,0,0.0,0.0
2021-08-13,0,0.5,0,0,0,0.5,0.5,0,0.0,0.0
2021-08-14,0,0.5,0,0,0,0.5,0.5,0,0.0,0.0
2021-08-15,0,0.5,0,0,0,0.5,0.5,0,0.0,0.0
2021-08-16,0,0.5,0,0,0,0.5,0.5,0,0.0,0.0
2021-08-17,0,0.5,0,0,0,0.5,0.5,0,0.0,0.0
2021-08-18,0,0.5,0,0,0,0.5,0.5,0,0.0,0.0
2021-08-19,0,0.5,0,0,0,0.5,0.5,0,0.0,0.0
2021-08-20,0,0.5,0,0,0,0.5,0.5,0,0.0,0.0
2021-08-21,0,0.5,0,0,0,0.5,0.5,0,0.0,0.0
2021-08-22,0,0.5,0,0,0,0.5,0.5,0,0.0,0.0
2021-08-23,0,0.5,0,0,0,0.5,0.5,0,0.0,0.0
2021-08-24,0,0.5,0,0,0,0.5,0.5,0,0.0,0.0
2021-08-25,0,0.5,0,0,0,0.5,0.5,0,0.0,0.0
2021-08-26,0,0.5,0,0,0,0.5,0.5,0,0.0,0.0
2021-08-27,0,0.5,0,0,0,0.5,0.5,0,0.0,0.0
2021-08-28,0,0.5,0,0,0,0.5,0.5,0,0.0,0.0
2021-08-29,0,0.5,0,0,0,0.5,0.5,0,0.0,0.0
2021-08-30,0,0.5,0,0,0,0.5,0.5,0,0.0,0.0
2021-08-31,0,0.5,0,0,0,0.5,0.5,0,0.0,0.0
2021-09-01,0,0.5,0,0,0,0.5,0.5,0,0.0,0.0
2021-09-02,0,0.5,0,0,0,0.5,0.5,0,0.0,0.0
2021-09-03,0,0.5,0,0,0,0.5,0.5,0,0.0,0.0
2021-09-04,0,0.5,0,0,0,0.5,0.5,0,0.0,0.0
2021-09-05,0,0.5,0,0,0,0.5,0.5,0,0.0,0.0
2021-09-06,0,0.5,0,0,0,0.5,0.5,0,0.0,0.0
2021-09-07,0,0.5,0,0,0,0.5,0.5,0,0.0,0.0
2021-09-08,0,0.5,0,0,0,0.5,0.5,0,0.0,0.0
2021-09-09,0,0.5,0,0,0,0.5,0.5,0,0.0,0.0
2021-09-10,0,0.5,0,0,0,0.5,0.5,0,0.0,0.0
2021-09-11,0,0.5,0,0,0,0.5,0.5,0,0.0,0.0
2021-09-12,0,0.5,0,0,0,0.5,0.5,0,0.0,0.0
2021-09-13,0,0.5,0,0,0,0.5,0.5,0,0.0,0.0
2021-09-14,0,0.5,0,0,0,0.5,0.5,0,0.0,0.0
2021-09-15,0,0.5,0,0,0,0.5,0.5,0,0.0,0.0
2021-09-16,0,0.5,0,0,0,0.5,0.5,0,0.0,0.0
2021-09-17,0,0.5,0,0,0,0.5,0.5,0,0.0,0.0
2021-09-18,0,0.5,0,0,0,0.5,0.5,0,0.0,0.0
2021-09-19,0,0.5,0,0,0,0.5,0.5,0,0.0,0.0
2021-09-20,0,0.5,0,0,0,0.5,0.5,0,0.0,0.0
2021-09-21,0,0.5,0,0,0,0.5,0.5,0,0.0,0.0
2021-09-22,0,0.5,0,0,0,0.5,0.5,0,0.0,0.0
2021-09-23,0,0.5,0,0,0,0.5,0.5,0,0.0,0.0
2021-09-24,0,0.5,0,0,0,0.5,0.5,0,0.0,0.0
2021-09-25,0,0.5,0,0,0,0.5,0.5,0,0.0,0.0
2021-09-26,0,0.5,0,0,0,0.5,0.5,0,0.0,0.0
2021-09-27,0,0.5,0,0,0,0.5,0.5,0,0.0,0.0
2021-09-28,0,0.5,0,0,0,0.5,0.5,0,0.0,0.0
2021-09-29,0,0.5,0,0,0,0.5,0.5,0,0.0,0.0
2021-09-30,0,0.5,0,0,0,0.5,0.5,0,0.0,0.0
2021-10-01,0,0.5,0,0,0,0.5,0.5,0,0.0,0.0
2021-10-02,0,0.5,0,0,0,0.5,0.5,0,0.0,0.0
2021-10-03,0,0.5,0,0,0,0.5,0.5,0,0.0,0.0
2021-10-04,0,0.5,0,0,0,0.5,0.5,0,0.0,0.0
2021-10-05,0,0.5,0,0,0,0.5,0.5,0,0.0,0.0
2021-10-06,0,0.5,0,0,0,0.5,0.5,0,0.0,0.0
2021-10-07,0,0.5,0,0,0,0.5,0.5,0,0.0,0.0
2021-10-08,0,0.5,0,0,0,0.5,0.5,0,0.0,0.0
2021-10-09,0,0.5,0,0,0,0.5,0.5,0,0.0,0.0
2021-10-10,0,0.5,0,0,0,0.5,0.5,0,0.0,0.0
2021-10-11,0,0.5,0,0,0,0.5,0.5,0,0.0,0.0
2021-10-12,0,0.5,0,0,0,0.5,0.5,0,0.0,0.0
2021-10-13,0,0.5,0,0,0,0.5,0.5,0,0.0,0.0
2021-10-14,0,0.5,0,0,0,0.5,0.5,0,0.0,0.0
2021-10-15,0,0.5,0,0,0,0.5,0.5,0,0.0,0.0
2021-10-16,0,0.5,0,0,0,0.5,0.5,0,0.0,0.0
2021-10-17,0,0.5,0,0,0,0.5,0.5,0,0.0,0.0
2021-10-18,0,0.5,0,0,0,0.5,0.5,0,0.0,0.0
2021-10-19,0,0.5,0,0,0,0.5,0.5,0,0.0,0.0
2021-10-20,0,0.5,0,0,0,0.5,0.5,0,0.0,0.0
2021-10-21,0,0.5,0,0,0,0.5,0.5,0,0.0,0.0
2021-10-22,0,0.5,0,0,0,0.5,0.5,0,0.0,0.0
2021-10-23,0,0.5,0,0,0,0.5,0.5,0,0.0,0.0
2021-10-24,0,0.5,0,0,0,0.5,0.5,0,0.0,0.0
2021-10-25,0,0.5,0,0,0,0.5,0.5,0,0.0,0.0
2021-10-26,0,0.5,0,0,0,0.5,0.5,0,0.0,0.0
2021-10-27,0,0.5,0,0,0,0.5,0.5,0,0.0,0.0
2021-10-28,0,0.5,0,0,0,0.5,0.5,0,0.0,0.0
2021-10-29,0,0.5,0,0,0,0.5,0.5,0,0.0,0.0
2021-10-30,0,0.5,0,0,0,0.5,0.5,0,0.0,0.0
2021-10-31,0,0.5,0,0,0,0.5,0.5,0,0.0,0.0
2021-11-01,0,0.5,0,0,0,0.5,0.5,0,0.0,0.0
2021-11-02,0,0.5,0,0,0,0.5,0.5,0,0.0,0.0
2021-11-03,0,0.5,0,0,0,0.5,0.5,0,0.0,0.0
2021-11-04,0,0.5,0,0,0,0.5,0.5,0,0.0,0.0
2021-11-05,0,0.5,0,0,0,0.5,0.5,0,0.0,0.0
2021-11-06,0,0.5,0,0,0,0.5,0.5,0,0.0,0.0
2021-11-07,0,0.5,0,0,0,0.5,0.5,0,0.0,0.0
2021-11-08,0,0.5,0,0,0,0.5,0.5,0,0.0,0.0
2021-11-09,0,0.5,0,0,0,0.5,0.5,0,0.0,0.0
2021-11-10,0,0.5,0,0,0,0.5,0.5,0,0.0,0.0
2021-11-11,0,0.5,0,0,0,0.5,0.5,0,0.0,0.0
2021-11-12,0,0.5,0,0,0,0.5,0.5,0,0.0,0.0
2021-11-13,0,0.5,0,0,0,0.5,0.5,0,0.0,0.0
2021-11-14,0,0.5,0,0,0,0.5,0.5,0,0.0,0.0
2021-11-15,0,0.5,0,0,0,0.5,0.5,0,0.0,0.0
2021-11-16,0,0.5,0,0,0,0.5,0.5,0,0.0,0.0
2021-11-17,0,0.5,0,0,0,0.5,0.5,0,0.0,0.0
2021-11-18,0,0.5,0,0,0,0.5,0.5,0,0.0,0.0
2021-11-19,0,0.5,0,0,0,0.5,0.5,0,0.0,0.0
2021-11-20,0,0.5,0,0,0,0.5,0.5,0,0.0,0.0
2021-11-21,0,0.5,0,0,0,0.5,0.5,0,0.0,0.0
2021-11-22,0,0.5,0,0,0,0.5,0.5,0,0.0,0.0
2021-11-23,0,0.5,0,0,0,0.5,0.5,0,0.0,0.0
2021-11-24,0,0.5,0,0,0,0.5,0.5,0,0.0,0.0
2021-11-25,0,0.5,0,0,0,0.5,0.5,0,0.0,0.0
2021-11-26,0,0.5,0,0,0,0.5,0.5,0,0.0,0.0
2021-11-27,0,0.5,0,0,0,0.5,0.5,0,0.0,0.0
2021-11-28,0,0.5,0,0,0,0.5,0.5,0,0.0,0.0
2021-11-29,0,0.5,0,0,0,0.5,0.5,0,0.0,0.0
2021-11-30,0,0.5,0,0,0,0.5,0.5,0,0.0,0.0
2021-12-01,0,0.5,0,0,0,0.5,0.5,0,0.0,0.0
2021-12-02,0,0.5,0,0,0,0.5,0.5,0,0.0,0.0
2021-12-03,0,0.5,0,0,0,0.5,0.5,0,0.0,0.0
2021-12-04,0,0.5,0,0,0,0.5,0.5,0,0.0,0.0
2021-12-05,0,0.5,0,0,0,0.5,0.5,0,0.0,0.0
2021-12-06,0,0.5,0,0,0,0.5,0.5,0,0.0,0.0
2021-12-07,0,0.5,0,0,0,0.5,0.5,0,0.0,0.0
2021-12-08,0,0.5,0,0,0,0.5,0.5,0,0.0,0.0
2021-12-09,0,0.5,0,0,0,0.5,0.5,0,0.0,0.0
2021-12-10,0,0.5,0,0,0,0.5,0.5,0,0.0,0.0
2021-12-11,0,0.5,0,0,0,0.5,0.5,0,0.0,0.0
2021-12-12,0,0.5,0,0,0,0.5,0.5,0,0.0,0.0
2021-12-13,0,0.5,0,0,0,0.5,0.5,0,0.0,0.0
2021-12-14,0,0.5,0,0,0,0.5,0.5,0,0.0,0.0
2021-12-15,0,0.5,0,0,0,0.5,0.5,0,0.0,0.0
2021-12-16,0,0.5,0,0,0,0.5,0.5,0,0.0,0.0
2021-12-17,0,0.5,0,0,0,0.5,0.5,0,0.0,0.0
2021-12-18,0,0.5,0,0,0,0.5,0.5,0,0.0,0.0
2021-12-19,0,0.5,0,0,0,0.5,0.5,0,0.0,0.0
2021-12-20,0,0.5,0,0,0,0.5,0.5,0,0.0,0.0
2021-12-21,0,0.5,0,0,0,0.5,0.5,0,0.0,0.0
2021-12-22,0,0.5,0,0,0,0.5,0.5,0,0.0,0.0
2021-12-23,0,0.5,0,0,0,0.5,0.5,0,0.0,0.0
2021-12-24,0,0.5,0,0,0,0.5,0.5,0,0.0,0.0
2021-12-25,0,0.5,0,0,0,0.5,0.5,0,0.0,0.0
2021-12-26,0,0.5,0,0,0,0.5,0.5,0,0.0,0.0
2021-12-27,0,0.5,0,0,0,0.5,0.5,0,0.0,0.0
2021-12-28,0,0.5,0,0,0,0.5,0.5,0,0.0,0.0
2021-12-29,0,0.5,0,0,0,0.5,0.5,0,0.0,0.0
2021-12-30,0,0.5,0,0,0,0.5,0.5,0,0.0,0.0
2021-12-31,0,0.5,0,0,0,0.5,0.5,0,0.0,0.0
2022-01-01,0,0.5,0,0,0,0.5,0.5,0,0.0,0.0
2022-01-02,0,0.5,0,0,0,0.5,0.5,0,0.0,0.0
2022-01-03,0,0.5,0,0,0,0.5,0.5,0,0.0,0.0
2022-01-04,0,0.5,0,0,0,0.5,0.5,0,0.0,0.0
2022-01-05,0,0.5,0,0,0,0.5,0.5,0,0.0,0.0
2022-01-06,0,0.5,0,0,0,0.5,0.5,0,0.0,0.0
2022-01-07,0,0.5,0,0,0,0.5,0.5,0,0.0,0.0
2022-01-08,0,0.5,0,0,0,0.5,0.5,0,0.0,0.0
2022-01-09,0,0.5,0,0,0,0.5,0.5,0,0.0,0.0
2022-01-10,0,0.5,0,0,0,0.5,0.5,0,0.0,0.0
2022-01-11,0,0.5,0,0,0,0.5,0.5,0,0.0,0.0
2022-01-12,0,0.5,0,0,0,0.5,0.5,0,0.0,0.0
2022-01-13,0,0.5,0,0,0,0.5,0.5,0,0.0,0.0
2022-01-14,0,0.5,0,0,0,0.5,0.5,0,0.0,0.0
2022-01-15,0,0.5,0,0,0,0.5,0.5,0,0.0,0.0
2022-01-16,0,0.5,0,0,0,0.5,0.5,0,0.0,0.0
2022-01-17,0,0.5,0,0,0,0.5,0.5,0,0.0,0.0
2022-01-18,0,0.5,0,0,0,0.5,0.5,0,0.0,0.0
2022-01-19,0,0.5,0,0,0,0.5,0.5,0,0.0,0.0
2022-01-20,0,0.5,0,0,0,0.5,0.5,0,0.0,0.0
2022-01-21,0,0.5,0,0,0,0.5,0.5,0,0.0,0.0
2022-01-22,0,0.5,0,0,0,0.5,0.5,0,0.0,0.0
2022-01-23,0,0.5,0,0,0,0.5,0.5,0,0.0,0.0
2022-01-24,0,0.5,0,0,0,0.5,0.5,0,0.0,0.0
2022-01-25,0,0.5,0,0,0,0.5,0.5,0,0.0,0.0
2022-01-26,0,0.5,0,0,0,0.5,0.5,0,0.0,0.0
2022-01-27,0,0.5,0,0,0,0.5,0.5,0,0.0,0.0
2022-01-28,0,0.5,0,0,0,0.5,0.5,0,0.0,0.0
2022-01-29,0,0.5,0,0,0,0.5,0.5,0,0.0,0.0
2022-01-30,0,0.5,0,0,0,0.5,0.5,0,0.0,0.0
2022-01-31,0,0.5,0,0,0,0.5,0.5,0,0.0,0.0
2022-02-01,0,0.5,0,0,0,0.5,0.5,0,0.0,0.0
2022-02-02,0,0.5,0,0,0,0.5,0.5,0,0.0,0.0
2022-02-03,0,0.5,0,0,0,0.5,0.5,0,0.0,0.0
2022-02-04,0,0.5,0,0,0,0.5,0.5,0,0.0,0.0
2022-02-05,0,0.5,0,0,0,0.5,0.5,0,0.0,0.0
2022-02-06,0,0.5,0,0,0,0.5,0.5,0,0.0,0.0
2022-02-07,0,0.5,0,0,0,0.5,0.5,0,0.0,0.0
2022-02-08,0,0.5,0,0,0,0.5,0.5,0,0.0,0.0
2022-02-09,0,0.5,0,0,0,0.5,0.5,0,0.0,0.0
2022-02-10,0,0.5,0,0,0,0.5,0.5,0,0.0,0.0
2022-02-11,0,0.5,0,0,0,0.5,0.5,0,0.0,0.0
2022-02-12,0,0.5,0,0,0,0.5,0.5,0,0.0,0.0
2022-02-13,0,0.5,0,0,0,0.5,0.5,0,0.0,0.0
2022-02-14,0,0.5,0,0,0,0.5,0.5,0,0.0,0.0
2022-02-15,0,0.5,0,0,0,0.5,0.5,0,0.0,0.0
2022-02-16,0,0.5,0,0,0,0.5,0.5,0,0.0,0.0
2022-02-17,0,0.5,0,0,0,0.5,0.5,0,0.0,0.0
2022-02-18,0,0.5,0,0,0,0.5,0.5,0,0.0,0.0
2022-02-19,0,0.5,0,0,0,0.5,0.5,0,0.0,0.0
2022-02-20,0,0.5,0,0,0,0.5,0.5,0,0.0,0.0
2022-02-21,0,0.5,0,0,0,0.5,0.5,0,0.0,0.0
2022-02-22,0,0.5,0,0,0,0.5,0.5,0,0.0,0.0
2022-02-23,0,0.5,0,0,0,0.5,0.5,0,0.0,0.0
2022-02-24,0,0.5,0,0,0,0.5,0.5,0,0.0,0.0
2022-02-25,0,0.5,0,0,0,0.5,0.5,0,0.0,0.0
2022-02-26,0,0.5,0,0,0,0.5,0.5,0,0.0,0.0
2022-02-27,0,0.5,0,0,0,0.5,0.5,0,0.0,0.0
2022-02-28,0,0.5,0,0,0,0.5,0.5,0,0.0,0.0
2022-03-01,0,0.5,0,0,0,0.5,0.5,0,0.0,0.0
2022-03-02,0,0.5,0,0,0,0.5,0.5,0,0.0,0.0
2022-03-03,0,0.5,0,0,0,0.5,0.5,0,0.0,0.0
2022-03-04,0,0.5,0,0,0,0.5,0.5,0,0.0,0.0
2022-03-05,0,0.5,0,0,0,0.5,0.5,0,0.0,0.0
2022-03-06,0,0.5,0,0,0,0.5,0.5,0,0.0,0.0
2022-03-07,0,0.5,0,0,0,0.5,0.5,0,0.0,0.0
2022-03-08,0,0.5,0,0,0,0.5,0.5,0,0.0,0.0
2022-03-09,0,0.5,0,0,0,0.5,0.5,0,0.0,0.0
2022-03-10,0,0.5,0,0,0,0.5,0.5,0,0.0,0.0
2022-03-11,0,0.5,0,0,0,0.5,0.5,0,0.0,0.0
2022-03-12,0,0.5,0,0,0,0.5,0.5,0,0.0,0.0
2022-03-13,0,0.5,0,0,0,0.5,0.5,0,0.0,0.0
2022-03-14,0,0.5,0,0,0,0.5,0.5,0,0.0,0.0
2022-03-15,0,0.5,0,0,0,0.5,0.5,0,0.0,0.0
2022-03-16,0,0.5,0,0,0,0.5,0.5,0,0.0,0.0
2022-03-17,0,0.5,0,0,0,0.5,0.5,0,0.0,0.0
2022-03-18,0,0.5,0,0,0,0.5,0.5,0,0.0,0.0
2022-03-19,0,0.5,0,0,0,0.5,0.5,0,0.0,0.0
2022-03-20,0,0.5,0,0,0,0.5,0.5,0,0.0,0.0
2022-03-21,0,0.5,0,0,0,0.5,0.5,0,0.0,0.0
2022-03-22,0,0.5,0,0,0,0.5,0.5,0,0.0,0.0
2022-03-23,0,0.5,0,0,0,0.5,0.5,0,0.0,0.0
2022-03-24,0,0.5,0,0,0,0.5,0.5,0,0.0,0.0
2022-03-25,0,0.5,0,0,0,0.5,0.5,0,0.0,0.0
2022-03-26,0,0.5,0,0,0,0.5,0.5,0,0.0,0.0
2022-03-27,0,0.5,0,0,0,0.5,0.5,0,0.0,0.0
2022-03-28,0,0.5,0,0,0,0.5,0.5,0,0.0,0.0
2022-03-29,0,0.5,0,0,0,0.5,0.5,0,0.0,0.0
2022-03-30,0,0.5,0,0,0,0.5,0.5,0,0.0,0.0
2022-03-31,0,0.5,0,0,0,0.5,0.5,0,0.0,0.0
2022-04-01,0,0.5,0,0,0,0.5,0.5,0,0.0,0.0
2022-04-02,0,0.5,0,0,0,0.5,0.5,0,0.0,0.0
2022-04-03,0,0.5,0,0,0,0.5,0.5,0,0.0,0.0
2022-04-04,0,0.5,0,0,0,0.5,0.5,0,0.0,0.0
2022-04-05,0,0.5,0,0,0,0.5,0.5,0,0.0,0.0
2022-04-06,0,0.5,0,0,0,0.5,0.5,0,0.0,0.0
2022-04-07,0,0.5,0,0,0,0.5,0.5,0,0.0,0.0
2022-04-08,0,0.5,0,0,0,0.5,0.5,0,0.0,0.0
2022-04-09,0,0.5,0,0,0,0.5,0.5,0,0.0,0.0
2022-04-10,0,0.5,0,0,0,0.5,0.5,0,0.0,0.0
2022-04-11,0,0.5,0,0,0,0.5,0.5,0,0.0,0.0
2022-04-12,0,0.5,0,0,0,0.5,0.5,0,0.0,0.0
2022-04-13,0,0.5,0,0,0,0.5,0.5,0,0.0,0.0
2022-04-14,0,0.5,0,0,0,0.5,0.5,0,0.0,0.0
2022-04-15,0,0.5,0,0,0,0.5,0.5,0,0.0,0.0
2022-04-16,0,0.5,0,0,0,0.5,0.5,0,0.0,0.0
2022-04-17,0,0.5,0,0,0,0.5,0.5,0,0.0,0.0
2022-04-18,0,0.5,0,0,0,0.5,0.5,0,0.0,0.0
2022-04-19,0,0.5,0,0,0,0.5,0.5,0,0.0,0.0
2022-04-20,0,0.5,0,0,0,0.5,0.5,0,0.0,0.0
2022-04-21,0,0.5,0,0,0,0.5,0.5,0,0.0,0.0
2022-04-22,0,0.5,0,0,0,0.5,0.5,0,0.0,0.0
2022-04-23,0,0.5,0,0,0,0.5,0.5,0,0.0,0.0
2022-04-24,0,0.5,0,0,0,0.5,0.5,0,0.0,0.0
2022-04-25,0,0.5,0,0,0,0.5,0.5,0,0.0,0.0
2022-04-26,0,0.5,0,0,0,0.5,0.5,0,0.0,0.0
2022-04-27,0,0.5,0,0,0,0.5,0.5,0,0.0,0.0
2022-04-28,0,0.5,0,0,0,0.5,0.5,0,0.0,0.0
2022-04-29,0,0.5,0,0,0,0.5,0.5,0,0.0,0.0
2022-04-30,0,0.5,0,0,0,0.5,0.5,0,0.0,0.0
2022-05-01,0,0.5,0,0,0,0.5,0.5,0,0.0,0.0
2022-05-02,0,0.5,0,0,0,0.5,0.5,0,0.0,0.0
2022-05-03,0,0.5,0,0,0,0.5,0.5,0,0.0,0.0
2022-05-04,0,0.5,0,0,0,0.5,0.5,0,0.0,0.0
2022-05-05,0,0.5,0,0,0,0.5,0.5,0,0.0,0.0
2022-05-06,0,0.5,0,0,0,0.5,0.5,0,0.0,0.0
2022-05-07,0,0.5,0,0,0,0.5,0.5,0,0.0,0.0
2022-05-08,0,0.5,0,0,0,0.5,0.5,0,0.0,0.0
2022-05-09,0,0.5,0,0,0,0.5,0.5,0,0.0,0.0
2022-05-10,0,0.5,0,0,0,0.5,0.5,0,0.0,0.0
2022-05-11,0,0.5,0,0,0,0.5,0.5,0,0.0,0.0
2022-05-12,0,0.5,0,0,0,0.5,0.5,0,0.0,0.0
2022-05-13,0,0.5,0,0,0,0.5,0.5,0,0.0,0.0
2022-05-14,0,0.5,0,0,0,0.5,0.5,0,0.0,0.0
2022-05-15,0,0.5,0,0,0,0.5,0.5,0,0.0,0.0
2022-05-16,0,0.5,0,0,0,0.5,0.5,0,0.0,0.0
2022-05-17,0,0.5,0,0,0,0.5,0.5,0,0.0,0.0
2022-05-18,0,0.5,0,0,0,0.5,0.5,0,0.0,0.0
2022-05-19,0,0.5,0,0,0,0.5,0.5,0,0.0,0.0
2022-05-20,0,0.5,0,0,0,0.5,0.5,0,0.0,0.0
2022-05-21,0,0.5,0,0,0,0.5,0.5,0,0.0,0.0
2022-05-22,0,0.5,0,0,0,0.5,0.5,0,0.0,0.0
2022-05-23,0,0.5,0,0,0,0.5,0.5,0,0.0,0.0
2022-05-24,0,0.5,0,0,0,0.5,0.5,0,0.0,0.0
2022-05-25,0,0.5,0,0,0,0.5,0.5,0,0.0,0.0
2022-05-26,0,0.5,0,0,0,0.5,0.5,0,0.0,0.0
2022-05-27,0,0.5,0,0,0,0.5,0.5,0,0.0,0.0
2022-05-28,0,0.5,0,0,0,0.5,0.5,0,0.0,0.0
2022-05-29,0,0.5,0,0,0,0.5,0.5,0,0.0,0.0
2022-05-30,0,0.5,0,0,0,0.5,0.5,0,0.0,0.0
2022-05-31,0,0.5,0,0,0,0.5,0.5,0,0.0,0.0
2022-06-01,0,0.5,0,0,0,0.5,0.5,0,0.0,0.0
2022-06-02,0,0.5,0,0,0,0.5,0.5,0,0.0,0.0
2022-06-03,0,0.5,0,0,0,0.5,0.5,0,0.0,0.0
2022-06-04,0,0.5,0,0,0,0.5,0.5,0,0.0,0.0
2022-06-05,0,0.5,0,0,0,0.5,0.5,0,0.0,0.0
2022-06-06,0,0.5,0,0,0,0.5,0.5,0,0.0,0.0
2022-06-07,0,0.5,0,0,0,0.5,0.5,0,0.0,0.0
2022-06-08,0,0.5,0,0,0,0.5,0.5,0,0.0,0.0
2022-06-09,0,0.5,0,0,0,0.5,0.5,0,0.0,0.0
2022-06-10,0,0.5,0,0,0,0.5,0.5,0,0.0,0.0
2022-06-11,0,0.5,0,0,0,0.5,0.5,0,0.0,0.0
2022-06-12,0,0.5,0,0,0,0.5,0.5,0,0.0,0.0
2022-06-13,0,0.5,0,0,0,0.5,0.5,0,0.0,0.0
2022-06-14,0,0.5,0,0,0,0.5,0.5,0,0.0,0.0
2022-06-15,0,0.5,0,0,0,0.5,0.5,0,0.0,0.0
2022-06-16,0,0.5,0,0,0,0.5,0.5,0,0.0,0.0
2022-06-17,0,0.5,0,0,0,0.5,0.5,0,0.0,0.0
2022-06-18,0,0.5,0,0,0,0.5,0.5,0,0.0,0.0
2022-06-19,0,0.5,0,0,0,0.5,0.5,0,0.0,0.0
2022-06-20,0,0.5,0,0,0,0.5,0.5,0,0.0,0.0
2022-06-21,0,0.5,0,0,0,0.5,0.5,0,0.0,0.0
2022-06-22,0,0.5,0,0,0,0.5,0.5,0,0.0,0.0
2022-06-23,0,0.5,0,0,0,0.5,0.5,0,0.0,0.0
2022-06-24,0,0.5,0,0,0,0.5,0.5,0,0.0,0.0
2022-06-25,0,0.5,0,0,0,0.5,0.5,0,0.0,0.0
2022-06-26,0,0.5,0,0,0,0.5,0.5,0,0.0,0.0
2022-06-27,0,0.5,0,0,0,0.5,0.5,0,0.0,0.0
2022-06-28,0,0.5,0,0,0,0.5,0.5,0,0.0,0.0
2022-06-29,0,0.5,0,0,0,0.5,0.5,0,0.0,0.0
2022-06-30,0,0.5,0,0,0,0.5,0.5,0,0.0,0.0
2022-07-01,0,0.5,0,0,0,0.5,0.5,0,0.0,0.0
2022-07-02,0,0.5,0,0,0,0.5,0.5,0,0.0,0.0
2022-07-03,0,0.5,0,0,0,0.5,0.5,0,0.0,0.0
2022-07-04,0,0.5,0,0,0,0.5,0.5,0,0.0,0.0
2022-07-05,0,0.5,0,0,0,0.5,0.5,0,0.0,0.0
2022-07-06,0,0.5,0,0,0,0.5,0.5,0,0.0,0.0
2022-07-07,0,0.5,0,0,0,0.5,0.5,0,0.0,0.0
2022-07-08,0,0.5,0,0,0,0.5,0.5,0,0.0,0.0
2022-07-09,0,0.5,0,0,0,0.5,0.5,0,0.0,0.0
2022-07-10,0,0.5,0,0,0,0.5,0.5,0,0.0,0.0
2022-07-11,0,0.5,0,0,0,0.5,0.5,0,0.0,0.0
2022-07-12,0,0.5,0,0,0,0.5,0.5,0,0.0,0.0
2022-07-13,0,0.5,0,0,0,0.5,0.5,0,0.0,0.0
2022-07-14,0,0.5,0,0,0,0.5,0.5,0,0.0,0.0
2022-07-15,0,0.5,0,0,0,0.5,0.5,0,0.0,0.0
2022-07-16,0,0.5,0,0,0,0.5,0.5,0,0.0,0.0
2022-07-17,0,0.5,0,0,0,0.5,0.5,0,0.0,0.0
2022-07-18,0,0.5,0,0,0,0.5,0.5,0,0.0,0.0
2022-07-19,0,0.5,0,0,0,0.5,0.5,0,0.0,0.0
2022-07-20,0,0.5,0,0,0,0.5,0.5,0,0.0,0.0
2022-07-21,0,0.5,0,0,0,0.5,0.5,0,0.0,0.0
2022-07-22,0,0.5,0,0,0,0.5,0.5,0,0.0,0.0
2022-07-23,0,0.5,0,0,0,0.5,0.5,0,0.0,0.0
2022-07-24,0,0.5,0,0,0,0.5,0.5,0,0.0,0.0
2022-07-25,0,0.5,0,0,0,0.5,0.5,0,0.0,0.0
2022-07-26,0,0.5,0,0,0,0.5,0.5,0,0.0,0.0
2022-07-27,0,0.5,0,0,0,0.5,0.5,0,0.0,0.0
2022-07-28,0,0.5,0,0,0,0.5,0.5,0,0.0,0.0
2022-07-29,0,0.5,0,0,0,0.5,0.5,0,0.0,0.0
2022-07-30,0,0.5,0,0,0,0.5,0.5,0,0.0,0.0
2022-07-31,0,0.5,0,0,0,0.5,0.5,0,0.0,0.0
2022-08-01,0,0.5,0,0,0,0.5,0.5,0,0.0,0.0
2022-08-02,0,0.5,0,0,0,0.5,0.5,0,0.0,0.0
2022-08-03,0,0.5,0,0,0,0.5,0.5,0,0.0,0.0
2022-08-04,0,0.5,0,0,0,0.5,0.5,0,0.0,0.0
2022-08-05,0,0.5,0,0,0,0.5,0.5,0,0.0,0.0
2022-08-06,0,0.5,0,0,0,0.5,0.5,0,0.0,0.0
2022-08-07,0,0.5,0,0,0,0.5,0.5,0,0.0,0.0
2022-08-08,0,0.5,0,0,0,0.5,0.5,0,0.0,0.0
2022-08-09,0,0.5,0,0,0,0.5,0.5,0,0.0,0.0
2022-08-10,0,0.5,0,0,0,0.5,0.5,0,0.0,0.0
2022-08-11,0,0.5,0,0,0,0.5,0.5,0,0.0,0.0
2022-08-12,0,0.5,0,0,0,0.5,0.5,0,0.0,0.0
2022-08-13,0,0.5,0,0,0,0.5,0.5,0,0.0,0.0
2022-08-14,0,0.5,0,0,0,0.5,0.5,0,0.0,0.0
2022-08-15,0,0.5,0,0,0,0.5,0.5,0,0.0,0.0
2022-08-16,0,0.5,0,0,0,0.5,0.5,0,0.0,0.0
2022-08-17,0,0.5,0,0,0,0.5,0.5,0,0.0,0.0
2022-08-18,0,0.5,0,0,0,0.5,0.5,0,0.0,0.0
2022-08-19,0,0.5,0,0,0,0.5,0.5,0,0.0,0.0
2022-08-20,0,0.5,0,0,0,0.5,0.5,0,0.0,0.0
2022-08-21,0,0.5,0,0,0,0.5,0.5,0,0.0,0.0
2022-08-22,0,0.5,0,0,0,0.5,0.5,0,0.0,0.0
2022-08-23,0,0.5,0,0,0,0.5,0.5,0,0.0,0.0
2022-08-24,0,0.5,0,0,0,0.5,0.5,0,0.0,0.0
2022-08-25,0,0.5,0,0,0,0.5,0.5,0,0.0,0.0
2022-08-26,0,0.5,0,0,0,0.5,0.5,0,0.0,0.0
2022-08-27,0,0.5,0,0,0,0.5,0.5,0,0.0,0.0
2022-08-28,0,0.5,0,0,0,0.5,0.5,0,0.0,0.0
2022-08-29,0,0.5,0,0,0,0.5,0.5,0,0.0,0.0
2022-08-30,0,0.5,0,0,0,0.5,0.5,0,0.0,0.0
2022-08-31,0,0.5,0,0,0,0.5,0.5,0,0.0,0.0
2022-09-01,0,0.5,0,0,0,0.5,0.5,0,0.0,0.0
2022-09-02,0,0.5,0,0,0,0.5,0.5,0,0.0,0.0
2022-09-03,0,0.5,0,0,0,0.5,0.5,0,0.0,0.0
2022-09-04,0,0.5,0,0,0,0.5,0.5,0,0.0,0.0
2022-09-05,0,0.5,0,0,0,0.5,0.5,0,0.0,0.0
2022-09-06,0,0.5,0,0,0,0.5,0.5,0,0.0,0.0
2022-09-07,0,0.5,0,0,0,0.5,0.5,0,0.0,0.0
2022-09-08,0,0.5,0,0,0,0.5,0.5,0,0.0,0.0
2022-09-09,0,0.5,0,0,0,0.5,0.5,0,0.0,0.0
2022-09-10,0,0.5,0,0,0,0.5,0.5,0,0.0,0.0
2022-09-11,0,0.5,0,0,0,0.5,0.5,0,0.0,0.0
2022-09-12,0,0.5,0,0,0,0.5,0.5,0,0.0,0.0
2022-09-13,0,0.5,0,0,0,0.5,0.5,0,0.0,0.0
2022-09-14,0,0.5,0,0,0,0.5,0.5,0,0.0,0.0
2022-09-15,0,0.5,0,0,0,0.5,0.5,0,0.0,0.0
2022-09-16,0,0.5,0,0,0,0.5,0.5,0,0.0,0.0
2022-09-17,0,0.5,0,0,0,0.5,0.5,0,0.0,0.0
2022-09-18,0,0.5,0,0,0,0.5,0.5,0,0.0,0.0
2022-09-19,0,0.5,0,0,0,0.5,0.5,0,0.0,0.0
2022-09-20,0,0.5,0,0,0,0.5,0.5,0,0.0,0.0
2022-09-21,0,0.5,0,0,0,0.5,0.5,0,0.0,0.0
2022-09-22,0,0.5,0,0,0,0.5,0.5,0,0.0,0.0
2022-09-23,0,0.5,0,0,0,0.5,0.5,0,0.0,0.0
2022-09-24,0,0.5,0,0,0,0.5,0.5,0,0.0,0.0
2022-09-25,0,0.5,0,0,0,0.5,0.5,0,0.0,0.0
2022-09-26,0,0.5,0,0,0,0.5,0.5,0,0.0,0.0
2022-09-27,0,0.5,0,0,0,0.5,0.5,0,0.0,0.0
2022-09-28,0,0.5,0,0,0,0.5,0.5,0,0.0,0.0
2022-09-29,0,0.5,0,0,0,0.5,0.5,0,0.0,0.0
2022-09-30,0,0.5,0,0,0,0.5,0.5,0,0.0,0.0
2022-10-01,0,0.5,0,0,0,0.5,0.5,0,0.0,0.0
2022-10-02,0,0.5,0,0,0,0.5,0.5,0,0.0,0.0
2022-10-03,0,0.5,0,0,0,0.5,0.5,0,0.0,0.0
2022-10-04,0,0.5,0,0,0,0.5,0.5,0,0.0,0.0
2022-10-05,0,0.5,0,0,0,0.5,0.5,0,0.0,0.0
2022-10-06,0,0.5,0,0,0,0.5,0.5,0,0.0,0.0
2022-10-07,0,0.5,0,0,0,0.5,0.5,0,0.0,0.0
2022-10-08,0,0.5,0,0,0,0.5,0.5,0,0.0,0.0
2022-10-09,0,0.5,0,0,0,0.5,0.5,0,0.0,0.0
2022-10-10,0,0.5,0,0,0,0.5,0.5,0,0.0,0.0
2022-10-11,0,0.5,0,0,0,0.5,0.5,0,0.0,0.0
2022-10-12,0,0.5,0,0,0,0.5,0.5,0,0.0,0.0
2022-10-13,0,0.5,0,0,0,0.5,0.5,0,0.0,0.0
2022-10-14,0,0.5,0,0,0,0.5,0.5,0,0.0,0.0
2022-10-15,0,0.5,0,0,0,0.5,0.5,0,0.0,0.0
2022-10-16,0,0.5,0,0,0,0.5,0.5,0,0.0,0.0
2022-10-17,0,0.5,0,0,0,0.5,0.5,0,0.0,0.0
2022-10-18,0,0.5,0,0,0,0.5,0.5,0,0.0,0.0
2022-10-19,0,0.5,0,0,0,0.5,0.5,0,0.0,0.0
2022-10-20,0,0.5,0,0,0,0.5,0.5,0,0.0,0.0
2022-10-21,0,0.5,0,0,0,0.5,0.5,0,0.0,0.0
2022-10-22,0,0.5,0,0,0,0.5,0.5,0,0.0,0.0
2022-10-23,0,0.5,0,0,0,0.5,0.5,0,0.0,0.0
2022-10-24,0,0.5,0,0,0,0.5,0.5,0,0.0,0.0
2022-10-25,0,0.5,0,0,0,0.5,0.5,0,0.0,0.0
2022-10-26,0,0.5,0,0,0,0.5,0.5,0,0.0,0.0
2022-10-27,0,0.5,0,0,0,0.5,0.5,0,0.0,0.0
2022-10-28,0,0.5,0,0,0,0.5,0.5,0,0.0,0.0
2022-10-29,0,0.5,0,0,0,0.5,0.5,0,0.0,0.0
2022-10-30,0,0.5,0,0,0,0.5,0.5,0,0.0,0.0
2022-10-31,0,0.5,0,0,0,0.5,0.5,0,0.0,0.0
2022-11-01,0,0.5,0,0,0,0.5,0.5,0,0.0,0.0
2022-11-02,0,0.5,0,0,0,0.5,0.5,0,0.0,0.0
2022-11-03,0,0.5,0,0,0,0.5,0.5,0,0.0,0.0
2022-11-04,0,0.5,0,0,0,0.5,0.5,0,0.0,0.0
2022-11-05,0,0.5,0,0,0,0.5,0.5,0,0.0,0.0
2022-11-06,0,0.5,0,0,0,0.5,0.5,0,0.0,0.0
2022-11-07,0,0.5,0,0,0,0.5,0.5,0,0.0,0.0
2022-11-08,0,0.5,0,0,0,0.5,0.5,0,0.0,0.0
2022-11-09,0,0.5,0,0,0,0.5,0.5,0,0.0,0.0
2022-11-10,0,0.5,0,0,0,0.5,0.5,0,0.0,0.0
2022-11-11,0,0.5,0,0,0,0.5,0.5,0,0.0,0.0
2022-11-12,0,0.5,0,0,0,0.5,0.5,0,0.0,0.0
2022-11-13,0,0.5,0,0,0,0.5,0.5,0,0.0,0.0
2022-11-14,0,0.5,0,0,0,0.5,0.5,0,0.0,0.0
2022-11-15,0,0.5,0,0,0,0.5,0.5,0,0.0,0.0
2022-11-16,0,0.5,0,0,0,0.5,0.5,0,0.0,0.0
2022-11-17,0,0.5,0,0,0,0.5,0.5,0,0.0,0.0
2022-11-18,0,0.5,0,0,0,0.5,0.5,0,0.0,0.0
2022-11-19,0,0.5,0,0,0,0.5,0.5,0,0.0,0.0
2022-11-20,0,0.5,0,0,0,0.5,0.5,0,0.0,0.0
2022-11-21,0,0.5,0,0,0,0.5,0.5,0,0.0,0.0
2022-11-22,0,0.5,0,0,0,0.5,0.5,0,0.0,0.0
2022-11-23,0,0.5,0,0,0,0.5,0.5,0,0.0,0.0
2022-11-24,0,0.5,0,0,0,0.5,0.5,0,0.0,0.0
2022-11-25,0,0.5,0,0,0,0.5,0.5,0,0.0,0.0
2022-11-26,0,0.5,0,0,0,0.5,0.5,0,0.0,0.0
2022-11-27,0,0.5,0,0,0,0.5,0.5,0,0.0,0.0
2022-11-28,0,0.5,0,0,0,0.5,0.5,0,0.0,0.0
2022-11-29,0,0.5,0,0,0,0.5,0.5,0,0.0,0.0
2022-11-30,0,0.5,0,0,0,0.5,0.5,0,0.0,0.0
2022-12-01,0,0.5,0,0,0,0.5,0.5,0,0.0,0.0
2022-12-02,0,0.5,0,0,0,0.5,0.5,0,0.0,0.0
2022-12-03,0,0.5,0,0,0,0.5,0.5,0,0.0,0.0
2022-12-04,0,0.5,0,0,0,0.5,0.5,0,0.0,0.0
2022-12-05,0,0.5,0,0,0,0.5,0.5,0,0.0,0.0
2022-12-06,0,0.5,0,0,0,0.5,0.5,0,0.0,0.0
2022-12-07,0,0.5,0,0,0,0.5,0.5,0,0.0,0.0
2022-12-08,0,0.5,0,0,0,0.5,0.5,0,0.0,0.0
2022-12-09,0,0.5,0,0,0,0.5,0.5,0,0.0,0.0
2022-12-10,0,0.5,0,0,0,0.5,0.5,0,0.0,0.0
2022-12-11,0,0.5,0,0,0,0.5,0.5,0,0.0,0.0
2022-12-12,0,0.5,0,0,0,0.5,0.5,0,0.0,0.0
2022-12-13,0,0.5,0,0,0,0.5,0.5,0,0.0,0.0
2022-12-14,0,0.5,0,0,0,0.5,0.5,0,0.0,0.0
2022-12-15,0,0.5,0,0,0,0.5,0.5,0,0.0,0.0
2022-12-16,0,0.5,0,0,0,0.5,0.5,0,0.0,0.0
2022-12-17,0,0.5,0,0,0,0.5,0.5,0,0.0,0.0
2022-12-18,0,0.5,0,0,0,0.5,0.5,0,0.0,0.0
2022-12-19,0,0.5,0,0,0,0.5,0.5,0,0.0,0.0
2022-12-20,0,0.5,0,0,0,0.5,0.5,0,0.0,0.0
2022-12-21,0,0.5,0,0,0,0.5,0.5,0,0.0,0.0
2022-12-22,0,0.5,0,0,0,0.5,0.5,0,0.0,0.0
2022-12-23,0,0.5,0,0,0,0.5,0.5,0,0.0,0.0
2022-12-24,0,0.5,0,0,0,0.5,0.5,0,0.0,0.0
2022-12-25,0,0.5,0,0,0,0.5,0.5,0,0.0,0.0
2022-12-26,0,0.5,0,0,0,0.5,0.5,0,0.0,0.0
2022-12-27,0,0.5,0,0,0,0.5,0.5,0,0.0,0.0
2022-12-28,0,0.5,0,0,0,0.5,0.5,0,0.0,0.0
2022-12-29,0,0.5,0,0,0,0.5,0.5,0,0.0,0.0
2022-12-30,0,0.5,0,0,0,0.5,0.5,0,0.0,0.0
2022-12-31,0,0.5,0,0,0,0.5,0.5,0,0.0,0.0
2023-01-01,0,0.5,0,0,0,0.5,0.5,0,0.0,0.0
2023-01-02,0,0.5,0,0,0,0.5,0.5,0,0.0,0.0
2023-01-03,0,0.5,0,0,0,0.5,0.5,0,0.0,0.0
2023-01-04,0,0.5,0,0,0,0.5,0.5,0,0.0,0.0
2023-01-05,0,0.5,0,0,0,0.5,0.5,0,0.0,0.0
2023-01-06,0,0.5,0,0,0,0.5,0.5,0,0.0,0.0
2023-01-07,0,0.5,0,0,0,0.5,0.5,0,0.0,0.0
2023-01-08,0,0.5,0,0,0,0.5,0.5,0,0.0,0.0
2023-01-09,0,0.5,0,0,0,0.5,0.5,0,0.0,0.0
2023-01-10,0,0.5,0,0,0,0.5,0.5,0,0.0,0.0
2023-01-11,0,0.5,0,0,0,0.5,0.5,0,0.0,0.0
2023-01-12,0,0.5,0,0,0,0.5,0.5,0,0.0,0.0
2023-01-13,0,0.5,0,0,0,0.5,0.5,0,0.0,0.0
2023-01-14,0,0.5,0,0,0,0.5,0.5,0,0.0,0.0
2023-01-15,0,0.5,0,0,0,0.5,0.5,0,0.0,0.0
2023-01-16,0,0.5,0,0,0,0.5,0.5,0,0.0,0.0
2023-01-17,0,0.5,0,0,0,0.5,0.5,0,0.0,0.0
2023-01-18,0,0.5,0,0,0,0.5,0.5,0,0.0,0.0
2023-01-19,0,0.5,0,0,0,0.5,0.5,0,0.0,0.0
2023-01-20,0,0.5,0,0,0,0.5,0.5,0,0.0,0.0
2023-01-21,0,0.5,0,0,0,0.5,0.5,0,0.0,0.0
2023-01-22,0,0.5,0,0,0,0.5,0.5,0,0.0,0.0
2023-01-23,0,0.5,0,0,0,0.5,0.5,0,0.0,0.0
2023-01-24,0,0.5,0,0,0,0.5,0.5,0,0.0,0.0
2023-01-25,0,0.5,0,0,0,0.5,0.5,0,0.0,0.0
2023-01-26,0,0.5,0,0,0,0.5,0.5,0,0.0,0.0
2023-01-27,0,0.5,0,0,0,0.5,0.5,0,0.0,0.0
2023-01-28,0,0.5,0,0,0,0.5,0.5,0,0.0,0.0
2023-01-29,0,0.5,0,0,0,0.5,0.5,0,0.0,0.0
2023-01-30,0,0.5,0,0,0,0.5,0.5,0,0.0,0.0
2023-01-31,0,0.5,0,0,0,0.5,0.5,0,0.0,0.0
2023-02-01,0,0.5,0,0,0,0.5,0.5,0,0.0,0.0
2023-02-02,0,0.5,0,0,0,0.5,0.5,0,0.0,0.0
2023-02-03,0,0.5,0,0,0,0.5,0.5,0,0.0,0.0
2023-02-04,0,0.5,0,0,0,0.5,0.5,0,0.0,0.0
2023-02-05,0,0.5,0,0,0,0.5,0.5,0,0.0,0.0
2023-02-06,0,0.5,0,0,0,0.5,0.5,0,0.0,0.0
2023-02-07,0,0.5,0,0,0,0.5,0.5,0,0.0,0.0
2023-02-08,0,0.5,0,0,0,0.5,0.5,0,0.0,0.0
2023-02-09,0,0.5,0,0,0,0.5,0.5,0,0.0,0.0
2023-02-10,0,0.5,0,0,0,0.5,0.5,0,0.0,0.0
2023-02-11,0,0.5,0,0,0,0.5,0.5,0,0.0,0.0
2023-02-12,0,0.5,0,0,0,0.5,0.5,0,0.0,0.0
2023-02-13,0,0.5,0,0,0,0.5,0.5,0,0.0,0.0
2023-02-14,0,0.5,0,0,0,0.5,0.5,0,0.0,0.0
2023-02-15,0,0.5,0,0,0,0.5,0.5,0,0.0,0.0
2023-02-16,0,0.5,0,0,0,0.5,0.5,0,0.0,0.0
2023-02-17,0,0.5,0,0,0,0.5,0.5,0,0.0,0.0
2023-02-18,0,0.5,0,0,0,0.5,0.5,0,0.0,0.0
2023-02-19,0,0.5,0,0,0,0.5,0.5,0,0.0,0.0
2023-02-20,0,0.5,0,0,0,0.5,0.5,0,0.0,0.0
2023-02-21,0,0.5,0,0,0,0.5,0.5,0,0.0,0.0
2023-02-22,0,0.5,0,0,0,0.5,0.5,0,0.0,0.0
2023-02-23,0,0.5,0,0,0,0.5,0.5,0,0.0,0.0
2023-02-24,0,0.5,0,0,0,0.5,0.5,0,0.0,0.0
2023-02-25,0,0.5,0,0,0,0.5,0.5,0,0.0,0.0
2023-02-26,0,0.5,0,0,0,0.5,0.5,0,0.0,0.0
2023-02-27,0,0.5,0,0,0,0.5,0.5,0,0.0,0.0
2023-02-28,0,0.5,0,0,0,0.5,0.5,0,0.0,0.0
2023-03-01,0,0.5,0,0,0,0.5,0.5,0,0.0,0.0
2023-03-02,0,0.5,0,0,0,0.5,0.5,0,0.0,0.0
2023-03-03,0,0.5,0,0,0,0.5,0.5,0,0.0,0.0
2023-03-04,0,0.5,0,0,0,0.5,0.5,0,0.0,0.0
2023-03-05,0,0.5,0,0,0,0.5,0.5,0,0.0,0.0
2023-03-06,0,0.5,0,0,0,0.5,0.5,0,0.0,0.0
2023-03-07,0,0.5,0,0,0,0.5,0.5,0,0.0,0.0
2023-03-08,0,0.5,0,0,0,0.5,0.5,0,0.0,0.0
2023-03-09,0,0.5,0,0,0,0.5,0.5,0,0.0,0.0
2023-03-10,0,0.5,0,0,0,0.5,0.5,0,0.0,0.0
2023-03-11,0,0.5,0,0,0,0.5,0.5,0,0.0,0.0
2023-03-12,0,0.5,0,0,0,0.5,0.5,0,0.0,0.0
2023-03-13,0,0.5,0,0,0,0.5,0.5,0,0.0,0.0
2023-03-14,0,0.5,0,0,0,0.5,0.5,0,0.0,0.0
2023-03-15,0,0.5,0,0,0,0.5,0.5,0,0.0,0.0
2023-03-16,0,0.5,0,0,0,0.5,0.5,0,0.0,0.0
2023-03-17,0,0.5,0,0,0,0.5,0.5,0,0.0,0.0
2023-03-18,0,0.5,0,0,0,0.5,0.5,0,0.0,0.0
2023-03-19,0,0.5,0,0,0,0.5,0.5,0,0.0,0.0
2023-03-20,0,0.5,0,0,0,0.5,0.5,0,0.0,0.0
2023-03-21,0,0.5,0,0,0,0.5,0.5,0,0.0,0.0
2023-03-22,0,0.5,0,0,0,0.5,0.5,0,0.0,0.0
2023-03-23,0,0.5,0,0,0,0.5,0.5,0,0.0,0.0
2023-03-24,0,0.5,0,0,0,0.5,0.5,0,0.0,0.0
2023-03-25,0,0.5,0,0,0,0.5,0.5,0,0.0,0.0
2023-03-26,0,0.5,0,0,0,0.5,0.5,0,0.0,0.0
2023-03-27,0,0.5,0,0,0,0.5,0.5,0,0.0,0.0
2023-03-28,0,0.5,0,0,0,0.5,0.5,0,0.0,0.0
2023-03-29,0,0.5,0,0,0,0.5,0.5,0,0.0,0.0
2023-03-30,0,0.5,0,0,0,0.5,0.5,0,0.0,0.0
2023-03-31,0,0.5,0,0,0,0.5,0.5,0,0.0,0.0
2023-04-01,0,0.5,0,0,0,0.5,0.5,0,0.0,0.0
2023-04-02,0,0.5,0,0,0,0.5,0.5,0,0.0,0.0
2023-04-03,0,0.5,0,0,0,0.5,0.5,0,0.0,0.0
2023-04-04,0,0.5,0,0,0,0.5,0.5,0,0.0,0.0
2023-04-05,0,0.5,0,0,0,0.5,0.5,0,0.0,0.0
2023-04-06,0,0.5,0,0,0,0.5,0.5,0,0.0,0.0
2023-04-07,0,0.5,0,0,0,0.5,0.5,0,0.0,0.0
2023-04-08,0,0.5,0,0,0,0.5,0.5,0,0.0,0.0
2023-04-09,0,0.5,0,0,0,0.5,0.5,0,0.0,0.0
2023-04-10,0,0.5,0,0,0,0.5,0.5,0,0.0,0.0
2023-04-11,0,0.5,0,0,0,0.5,0.5,0,0.0,0.0
2023-04-12,0,0.5,0,0,0,0.5,0.5,0,0.0,0.0
2023-04-13,0,0.5,0,0,0,0.5,0.5,0,0.0,0.0
2023-04-14,0,0.5,0,0,0,0.5,0.5,0,0.0,0.0
2023-04-15,0,0.5,0,0,0,0.5,0.5,0,0.0,0.0
2023-04-16,0,0.5,0,0,0,0.5,0.5,0,0.0,0.0
2023-04-17,0,0.5,0,0,0,0.5,0.5,0,0.0,0.0
2023-04-18,0,0.5,0,0,0,0.5,0.5,0,0.0,0.0
2023-04-19,0,0.5,0,0,0,0.5,0.5,0,0.0,0.0
2023-04-20,0,0.5,0,0,0,0.5,0.5,0,0.0,0.0
2023-04-21,0,0.5,0,0,0,0.5,0.5,0,0.0,0.0
2023-04-22,0,0.5,0,0,0,0.5,0.5,0,0.0,0.0
2023-04-23,0,0.5,0,0,0,0.5,0.5,0,0.0,0.0
2023-04-24,0,0.5,0,0,0,0.5,0.5,0,0.0,0.0
2023-04-25,0,0.5,0,0,0,0.5,0.5,0,0.0,0.0
2023-04-26,0,0.5,0,0,0,0.5,0.5,0,0.0,0.0
2023-04-27,0,0.5,0,0,0,0.5,0.5,0,0.0,0.0
2023-04-28,0,0.5,0,0,0,0.5,0.5,0,0.0,0.0
2023-04-29,0,0.5,0,0,0,0.5,0.5,0,0.0,0.0
2023-04-30,0,0.5,0,0,0,0.5,0.5,0,0.0,0.0
2023-05-01,0,0.5,0,0,0,0.5,0.5,0,0.0,0.0
2023-05-02,0,0.5,0,0,0,0.5,0.5,0,0.0,0.0
2023-05-03,0,0.5,0,0,0,0.5,0.5,0,0.0,0.0
2023-05-04,0,0.5,0,0,0,0.5,0.5,0,0.0,0.0
2023-05-05,0,0.5,0,0,0,0.5,0.5,0,0.0,0.0
2023-05-06,0,0.5,0,0,0,0.5,0.5,0,0.0,0.0
2023-05-07,0,0.5,0,0,0,0.5,0.5,0,0.0,0.0
2023-05-08,0,0.5,0,0,0,0.5,0.5,0,0.0,0.0
2023-05-09,0,0.5,0,0,0,0.5,0.5,0,0.0,0.0
2023-05-10,0,0.5,0,0,0,0.5,0.5,0,0.0,0.0
2023-05-11,0,0.5,0,0,0,0.5,0.5,0,0.0,0.0
2023-05-12,0,0.5,0,0,0,0.5,0.5,0,0.0,0.0
2023-05-13,0,0.5,0,0,0,0.5,0.5,0,0.0,0.0
2023-05-14,0,0.5,0,0,0,0.5,0.5,0,0.0,0.0
2023-05-15,0,0.5,0,0,0,0.5,0.5,0,0.0,0.0
2023-05-16,0,0.5,0,0,0,0.5,0.5,0,0.0,0.0
2023-05-17,0,0.5,0,0,0,0.5,0.5,0,0.0,0.0
2023-05-18,0,0.5,0,0,0,0.5,0.5,0,0.0,0.0
2023-05-19,0,0.5,0,0,0,0.5,0.5,0,0.0,0.0
2023-05-20,0,0.5,0,0,0,0.5,0.5,0,0.0,0.0
2023-05-21,0,0.5,0,0,0,0.5,0.5,0,0.0,0.0
2023-05-22,0,0.5,0,0,0,0.5,0.5,0,0.0,0.0
2023-05-23,0,0.5,0,0,0,0.5,0.5,0,0.0,0.0
2023-05-24,0,0.5,0,0,0,0.5,0.5,0,0.0,0.0
2023-05-25,0,0.5,0,0,0,0.5,0.5,0,0.0,0.0
2023-05-26,0,0.5,0,0,0,0.5,0.5,0,0.0,0.0
2023-05-27,0,0.5,0,0,0,0.5,0.5,0,0.0,0.0
2023-05-28,0,0.5,0,0,0,0.5,0.5,0,0.0,0.0
2023-05-29,0,0.5,0,0,0,0.5,0.5,0,0.0,0.0
2023-05-30,0,0.5,0,0,0,0.5,0.5,0,0.0,0.0
2023-05-31,0,0.5,0,0,0,0.5,0.5,0,0.0,0.0
2023-06-01,0,0.5,0,0,0,0.5,0.5,0,0.0,0.0
2023-06-02,0,0.5,0,0,0,0.5,0.5,0,0.0,0.0
2023-06-03,0,0.5,0,0,0,0.5,0.5,0,0.0,0.0
2023-06-04,0,0.5,0,0,0,0.5,0.5,0,0.0,0.0
2023-06-05,0,0.5,0,0,0,0.5,0.5,0,0.0,0.0
2023-06-06,0,0.5,0,0,0,0.5,0.5,0,0.0,0.0
2023-06-07,0,0.5,0,0,0,0.5,0.5,0,0.0,0.0
2023-06-08,0,0.5,0,0,0,0.5,0.5,0,0.0,0.0
2023-06-09,0,0.5,0,0,0,0.5,0.5,0,0.0,0.0
2023-06-10,0,0.5,0,0,0,0.5,0.5,0,0.0,0.0
2023-06-11,0,0.5,0,0,0,0.5,0.5,0,0.0,0.0
2023-06-12,0,0.5,0,0,0,0.5,0.5,0,0.0,0.0
2023-06-13,0,0.5,0,0,0,0.5,0.5,0,0.0,0.0
2023-06-14,0,0.5,0,0,0,0.5,0.5,0,0.0,0.0
2023-06-15,0,0.5,0,0,0,0.5,0.5,0,0.0,0.0
2023-06-16,0,0.5,0,0,0,0.5,0.5,0,0.0,0.0
2023-06-17,0,0.5,0,0,0,0.5,0.5,0,0.0,0.0
2023-06-18,0,0.5,0,0,0,0.5,0.5,0,0.0,0.0
2023-06-19,0,0.5,0,0,0,0.5,0.5,0,0.0,0.0
2023-06-20,0,0.5,0,0,0,0.5,0.5,0,0.0,0.0
2023-06-21,0,0.5,0,0,0,0.5,0.5,0,0.0,0.0
2023-06-22,0,0.5,0,0,0,0.5,0.5,0,0.0,0.0
2023-06-23,0,0.5,0,0,0,0.5,0.5,0,0.0,0.0
2023-06-24,0,0.5,0,0,0,0.5,0.5,0,0.0,0.0
2023-06-25,0,0.5,0,0,0,0.5,0.5,0,0.0,0.0
2023-06-26,0,0.5,0,0,0,0.5,0.5,0,0.0,0.0
2023-06-27,0,0.5,0,0,0,0.5,0.5,0,0.0,0.0
2023-06-28,0,0.5,0,0,0,0.5,0.5,0,0.0,0.0
2023-06-29,0,0.5,0,0,0,0.5,0.5,0,0.0,0.0
2023-06-30,0,0.5,0,0,0,0.5,0.5,0,0.0,0.0
2023-07-01,0,0.5,0,0,0,0.5,0.5,0,0.0,0.0
2023-07-02,0,0.5,0,0,0,0.5,0.5,0,0.0,0.0
2023-07-03,0,0.5,0,0,0,0.5,0.5,0,0.0,0.0
2023-07-04,0,0.5,0,0,0,0.5,0.5,0,0.0,0.0
2023-07-05,0,0.5,0,0,0,0.5,0.5,0,0.0,0.0
2023-07-06,0,0.5,0,0,0,0.5,0.5,0,0.0,0.0
2023-07-07,0,0.5,0,0,0,0.5,0.5,0,0.0,0.0
2023-07-08,0,0.5,0,0,0,0.5,0.5,0,0.0,0.0
2023-07-09,0,0.5,0,0,0,0.5,0.5,0,0.0,0.0
2023-07-10,0,0.5,0,0,0,0.5,0.5,0,0.0,0.0
2023-07-11,0,0.5,0,0,0,0.5,0.5,0,0.0,0.0
2023-07-12,0,0.5,0,0,0,0.5,0.5,0,0.0,0.0
2023-07-13,0,0.5,0,0,0,0.5,0.5,0,0.0,0.0
2023-07-14,0,0.5,0,0,0,0.5,0.5,0,0.0,0.0
2023-07-15,0,0.5,0,0,0,0.5,0.5,0,0.0,0.0
2023-07-16,0,0.5,0,0,0,0.5,0.5,0,0.0,0.0
2023-07-17,0,0.5,0,0,0,0.5,0.5,0,0.0,0.0
2023-07-18,0,0.5,0,0,0,0.5,0.5,0,0.0,0.0
2023-07-19,0,0.5,0,0,0,0.5,0.5,0,0.0,0.0
2023-07-20,0,0.5,0,0,0,0.5,0.5,0,0.0,0.0
2023-07-21,0,0.5,0,0,0,0.5,0.5,0,0.0,0.0
2023-07-22,0,0.5,0,0,0,0.5,0.5,0,0.0,0.0
2023-07-23,0,0.5,0,0,0,0.5,0.5,0,0.0,0.0
2023-07-24,0,0.5,0,0,0,0.5,0.5,0,0.0,0.0
2023-07-25,0,0.5,0,0,0,0.5,0.5,0,0.0,0.0
2023-07-26,0,0.5,0,0,0,0.5,0.5,0,0.0,0.0
2023-07-27,0,0.5,0,0,0,0.5,0.5,0,0.0,0.0
2023-07-28,0,0.5,0,0,0,0.5,0.5,0,0.0,0.0
2023-07-29,0,0.5,0,0,0,0.5,0.5,0,0.0,0.0
2023-07-30,0,0.5,0,0,0,0.5,0.5,0,0.0,0.0
2023-07-31,0,0.5,0,0,0,0.5,0.5,0,0.0,0.0
2023-08-01,0,0.5,0,0,0,0.5,0.5,0,0.0,0.0
2023-08-02,0,0.5,0,0,0,0.5,0.5,0,0.0,0.0
2023-08-03,0,0.5,0,0,0,0.5,0.5,0,0.0,0.0
2023-08-04,0,0.5,0,0,0,0.5,0.5,0,0.0,0.0
2023-08-05,0,0.5,0,0,0,0.5,0.5,0,0.0,0.0
2023-08-06,0,0.5,0,0,0,0.5,0.5,0,0.0,0.0
2023-08-07,0,0.5,0,0,0,0.5,0.5,0,0.0,0.0
2023-08-08,0,0.5,0,0,0,0.5,0.5,0,0.0,0.0
2023-08-09,0,0.5,0,0,0,0.5,0.5,0,0.0,0.0
2023-08-10,0,0.5,0,0,0,0.5,0.5,0,0.0,0.0
2023-08-11,0,0.5,0,0,0,0.5,0.5,0,0.0,0.0
2023-08-12,0,0.5,0,0,0,0.5,0.5,0,0.0,0.0
2023-08-13,0,0.5,0,0,0,0.5,0.5,0,0.0,0.0
2023-08-14,0,0.5,0,0,0,0.5,0.5,0,0.0,0.0
2023-08-15,0,0.5,0,0,0,0.5,0.5,0,0.0,0.0
2023-08-16,0,0.5,0,0,0,0.5,0.5,0,0.0,0.0
2023-08-17,0,0.5,0,0,0,0.5,0.5,0,0.0,0.0
2023-08-18,0,0.5,0,0,0,0.5,0.5,0,0.0,0.0
2023-08-19,0,0.5,0,0,0,0.5,0.5,0,0.0,0.0
2023-08-20,0,0.5,0,0,0,0.5,0.5,0,0.0,0.0
2023-08-21,0,0.5,0,0,0,0.5,0.5,0,0.0,0.0
2023-08-22,0,0.5,0,0,0,0.5,0.5,0,0.0,0.0
2023-08-23,0,0.5,0,0,0,0.5,0.5,0,0.0,0.0
2023-08-24,0,0.5,0,0,0,0.5,0.5,0,0.0,0.0
2023-08-25,0,0.5,0,0,0,0.5,0.5,0,0.0,0.0
2023-08-26,0,0.5,0,0,0,0.5,0.5,0,0.0,0.0
2023-08-27,0,0.5,0,0,0,0.5,0.5,0,0.0,0.0
2023-08-28,0,0.5,0,0,0,0.5,0.5,0,0.0,0.0
2023-08-29,0,0.5,0,0,0,0.5,0.5,0,0.0,0.0
2023-08-30,0,0.5,0,0,0,0.5,0.5,0,0.0,0.0
2023-08-31,0,0.5,0,0,0,0.5,0.5,0,0.0,0.0
2023-09-01,0,0.5,0,0,0,0.5,0.5,0,0.0,0.0
2023-09-02,0,0.5,0,0,0,0.5,0.5,0,0.0,0.0
2023-09-03,0,0.5,0,0,0,0.5,0.5,0,0.0,0.0
2023-09-04,0,0.5,0,0,0,0.5,0.5,0,0.0,0.0
2023-09-05,0,0.5,0,0,0,0.5,0.5,0,0.0,0.0
2023-09-06,0,0.5,0,0,0,0.5,0.5,0,0.0,0.0
2023-09-07,0,0.5,0,0,0,0.5,0.5,0,0.0,0.0
2023-09-08,0,0.5,0,0,0,0.5,0.5,0,0.0,0.0
2023-09-09,0,0.5,0,0,0,0.5,0.5,0,0.0,0.0
2023-09-10,0,0.5,0,0,0,0.5,0.5,0,0.0,0.0
2023-09-11,0,0.5,0,0,0,0.5,0.5,0,0.0,0.0
2023-09-12,0,0.5,0,0,0,0.5,0.5,0,0.0,0.0
2023-09-13,0,0.5,0,0,0,0.5,0.5,0,0.0,0.0
2023-09-14,0,0.5,0,0,0,0.5,0.5,0,0.0,0.0
2023-09-15,0,0.5,0,0,0,0.5,0.5,0,0.0,0.0
2023-09-16,0,0.5,0,0,0,0.5,0.5,0,0.0,0.0
2023-09-17,0,0.5,0,0,0,0.5,0.5,0,0.0,0.0
2023-09-18,0,0.5,0,0,0,0.5,0.5,0,0.0,0.0
2023-09-19,0,0.5,0,0,0,0.5,0.5,0,0.0,0.0
2023-09-20,0,0.5,0,0,0,0.5,0.5,0,0.0,0.0
2023-09-21,0,0.5,0,0,0,0.5,0.5,0,0.0,0.0
2023-09-22,0,0.5,0,0,0,0.5,0.5,0,0.0,0.0
2023-09-23,0,0.5,0,0,0,0.5,0.5,0,0.0,0.0
2023-09-24,0,0.5,0,0,0,0.5,0.5,0,0.0,0.0
2023-09-25,0,0.5,0,0,0,0.5,0.5,0,0.0,0.0
2023-09-26,0,0.5,0,0,0,0.5,0.5,0,0.0,0.0
2023-09-27,0,0.5,0,0,0,0.5,0.5,0,0.0,0.0
2023-09-28,0,0.5,0,0,0,0.5,0.5,0,0.0,0.0
2023-09-29,0,0.5,0,0,0,0.5,0.5,0,0.0,0.0
2023-09-30,0,0.5,0,0,0,0.5,0.5,0,0.0,0.0
2023-10-01,0,0.5,0,0,0,0.5,0.5,0,0.0,0.0
2023-10-02,0,0.5,0,0,0,0.5,0.5,0,0.0,0.0
2023-10-03,0,0.5,0,0,0,0.5,0.5,0,0.0,0.0
2023-10-04,0,0.5,0,0,0,0.5,0.5,0,0.0,0.0
2023-10-05,0,0.5,0,0,0,0.5,0.5,0,0.0,0.0
2023-10-06,0,0.5,0,0,0,0.5,0.5,0,0.0,0.0
2023-10-07,0,0.5,0,0,0,0.5,0.5,0,0.0,0.0
2023-10-08,0,0.5,0,0,0,0.5,0.5,0,0.0,0.0
2023-10-09,0,0.5,0,0,0,0.5,0.5,0,0.0,0.0
2023-10-10,0,0.5,0,0,0,0.5,0.5,0,0.0,0.0
2023-10-11,0,0.5,0,0,0,0.5,0.5,0,0.0,0.0
2023-10-12,0,0.5,0,0,0,0.5,0.5,0,0.0,0.0
2023-10-13,0,0.5,0,0,0,0.5,0.5,0,0.0,0.0
2023-10-14,0,0.5,0,0,0,0.5,0.5,0,0.0,0.0
2023-10-15,0,0.5,0,0,0,0.5,0.5,0,0.0,0.0
2023-10-16,0,0.5,0,0,0,0.5,0.5,0,0.0,0.0
2023-10-17,0,0.5,0,0,0,0.5,0.5,0,0.0,0.0
2023-10-18,0,0.5,0,0,0,0.5,0.5,0,0.0,0.0
2023-10-19,0,0.5,0,0,0,0.5,0.5,0,0.0,0.0
2023-10-20,0,0.5,0,0,0,0.5,0.5,0,0.0,0.0
2023-10-21,0,0.5,0,0,0,0.5,0.5,0,0.0,0.0
2023-10-22,0,0.5,0,0,0,0.5,0.5,0,0.0,0.0
2023-10-23,0,0.5,0,0,0,0.5,0.5,0,0.0,0.0
2023-10-24,0,0.5,0,0,0,0.5,0.5,0,0.0,0.0
2023-10-25,0,0.5,0,0,0,0.5,0.5,0,0.0,0.0
2023-10-26,0,0.5,0,0,0,0.5,0.5,0,0.0,0.0
2023-10-27,0,0.5,0,0,0,0.5,0.5,0,0.0,0.0
2023-10-28,0,0.5,0,0,0,0.5,0.5,0,0.0,0.0
2023-10-29,0,0.5,0,0,0,0.5,0.5,0,0.0,0.0
2023-10-30,0,0.5,0,0,0,0.5,0.5,0,0.0,0.0
2023-10-31,0,0.5,0,0,0,0.5,0.5,0,0.0,0.0
2023-11-01,0,0.5,0,0,0,0.5,0.5,0,0.0,0.0
2023-11-02,0,0.5,0,0,0,0.5,0.5,0,0.0,0.0
2023-11-03,0,0.5,0,0,0,0.5,0.5,0,0.0,0.0
2023-11-04,0,0.5,0,0,0,0.5,0.5,0,0.0,0.0
2023-11-05,0,0.5,0,0,0,0.5,0.5,0,0.0,0.0
2023-11-06,0,0.5,0,0,0,0.5,0.5,0,0.0,0.0
2023-11-07,0,0.5,0,0,0,0.5,0.5,0,0.0,0.0
2023-11-08,0,0.5,0,0,0,0.5,0.5,0,0.0,0.0
2023-11-09,0,0.5,0,0,0,0.5,0.5,0,0.0,0.0
2023-11-10,0,0.5,0,0,0,0.5,0.5,0,0.0,0.0
2023-11-11,0,0.5,0,0,0,0.5,0.5,0,0.0,0.0
2023-11-12,0,0.5,0,0,0,0.5,0.5,0,0.0,0.0
2023-11-13,0,0.5,0,0,0,0.5,0.5,0,0.0,0.0
2023-11-14,0,0.5,0,0,0,0.5,0.5,0,0.0,0.0
2023-11-15,0,0.5,0,0,0,0.5,0.5,0,0.0,0.0
2023-11-16,0,0.5,0,0,0,0.5,0.5,0,0.0,0.0
2023-11-17,0,0.5,0,0,0,0.5,0.5,0,0.0,0.0
2023-11-18,0,0.5,0,0,0,0.5,0.5,0,0.0,0.0
2023-11-19,0,0.5,0,0,0,0.5,0.5,0,0.0,0.0
2023-11-20,0,0.5,0,0,0,0.5,0.5,0,0.0,0.0
2023-11-21,0,0.5,0,0,0,0.5,0.5,0,0.0,0.0
2023-11-22,0,0.5,0,0,0,0.5,0.5,0,0.0,0.0
2023-11-23,0,0.5,0,0,0,0.5,0.5,0,0.0,0.0
2023-11-24,0,0.5,0,0,0,0.5,0.5,0,0.0,0.0
2023-11-25,0,0.5,0,0,0,0.5,0.5,0,0.0,0.0
2023-11-26,0,0.5,0,0,0,0.5,0.5,0,0.0,0.0
2023-11-27,0,0.5,0,0,0,0.5,0.5,0,0.0,0.0
2023-11-28,0,0.5,0,0,0,0.5,0.5,0,0.0,0.0
2023-11-29,0,0.5,0,0,0,0.5,0.5,0,0.0,0.0
2023-11-30,0,0.5,0,0,0,0.5,0.5,0,0.0,0.0
2023-12-01,0,0.5,0,0,0,0.5,0.5,0,0.0,0.0
2023-12-02,0,0.5,0,0,0,0.5,0.5,0,0.0,0.0
2023-12-03,0,0.5,0,0,0,0.5,0.5,0,0.0,0.0
2023-12-04,0,0.5,0,0,0,0.5,0.5,0,0.0,0.0
2023-12-05,0,0.5,0,0,0,0.5,0.5,0,0.0,0.0
2023-12-06,0,0.5,0,0,0,0.5,0.5,0,0.0,0.0
2023-12-07,0,0.5,0,0,0,0.5,0.5,0,0.0,0.0
2023-12-08,0,0.5,0,0,0,0.5,0.5,0,0.0,0.0
2023-12-09,0,0.5,0,0,0,0.5,0.5,0,0.0,0.0
2023-12-10,0,0.5,0,0,0,0.5,0.5,0,0.0,0.0
2023-12-11,0,0.5,0,0,0,0.5,0.5,0,0.0,0.0
2023-12-12,0,0.5,0,0,0,0.5,0.5,0,0.0,0.0
2023-12-13,0,0.5,0,0,0,0.5,0.5,0,0.0,0.0
2023-12-14,0,0.5,0,0,0,0.5,0.5,0,0.0,0.0
2023-12-15,0,0.5,0,0,0,0.5,0.5,0,0.0,0.0
2023-12-16,0,0.5,0,0,0,0.5,0.5,0,0.0,0.0
2023-12-17,0,0.5,0,0,0,0.5,0.5,0,0.0,0.0
2023-12-18,0,0.5,0,0,0,0.5,0.5,0,0.0,0.0
2023-12-19,0,0.5,0,0,0,0.5,0.5,0,0.0,0.0
2023-12-20,0,0.5,0,0,0,0.5,0.5,0,0.0,0.0
2023-12-21,0,0.5,0,0,0,0.5,0.5,0,0.0,0.0
2023-12-22,0,0.5,0,0,0,0.5,0.5,0,0.0,0.0
2023-12-23,0,0.5,0,0,0,0.5,0.5,0,0.0,0.0
2023-12-24,0,0.5,0,0,0,0.5,0.5,0,0.0,0.0
2023-12-25,0,0.5,0,0,0,0.5,0.5,0,0.0,0.0
2023-12-26,0,0.5,0,0,0,0.5,0.5,0,0.0,0.0
2023-12-27,0,0.5,0,0,0,0.5,0.5,0,0.0,0.0
2023-12-28,0,0.5,0,0,0,0.5,0.5,0,0.0,0.0
2023-12-29,0,0.5,0,0,0,0.5,0.5,0,0.0,0.0
2023-12-30,0,0.5,0,0,0,0.5,0.5,0,0.0,0.0
2023-12-31,0,0.5,0,0,0,0.5,0.5,0,0.0,0.0
2024-01-01,0,0.5,0,0,0,0.5,0.5,0,0.0,0.0
2024-01-02,0,0.5,0,0,0,0.5,0.5,0,0.0,0.0
2024-01-03,0,0.5,0,0,0,0.5,0.5,0,0.0,0.0
2024-01-04,0,0.5,0,0,0,0.5,0.5,0,0.0,0.0
2024-01-05,0,0.5,0,0,0,0.5,0.5,0,0.0,0.0
2024-01-06,0,0.5,0,0,0,0.5,0.5,0,0.0,0.0
2024-01-07,0,0.5,0,0,0,0.5,0.5,0,0.0,0.0
2024-01-08,0,0.5,0,0,0,0.5,0.5,0,0.0,0.0
2024-01-09,0,0.5,0,0,0,0.5,0.5,0,0.0,0.0
2024-01-10,0,0.5,0,0,0,0.5,0.5,0,0.0,0.0
2024-01-11,0,0.5,0,0,0,0.5,0.5,0,0.0,0.0
2024-01-12,0,0.5,0,0,0,0.5,0.5,0,0.0,0.0
2024-01-13,0,0.5,0,0,0,0.5,0.5,0,0.0,0.0
2024-01-14,0,0.5,0,0,0,0.5,0.5,0,0.0,0.0
2024-01-15,0,0.5,0,0,0,0.5,0.5,0,0.0,0.0
2024-01-16,0,0.5,0,0,0,0.5,0.5,0,0.0,0.0
2024-01-17,0,0.5,0,0,0,0.5,0.5,0,0.0,0.0
2024-01-18,0,0.5,0,0,0,0.5,0.5,0,0.0,0.0
2024-01-19,0,0.5,0,0,0,0.5,0.5,0,0.0,0.0
2024-01-20,0,0.5,0,0,0,0.5,0.5,0,0.0,0.0
2024-01-21,0,0.5,0,0,0,0.5,0.5,0,0.0,0.0
2024-01-22,0,0.5,0,0,0,0.5,0.5,0,0.0,0.0
2024-01-23,0,0.5,0,0,0,0.5,0.5,0,0.0,0.0
2024-01-24,0,0.5,0,0,0,0.5,0.5,0,0.0,0.0
2024-01-25,0,0.5,0,0,0,0.5,0.5,0,0.0,0.0
2024-01-26,0,0.5,0,0,0,0.5,0.5,0,0.0,0.0
2024-01-27,0,0.5,0,0,0,0.5,0.5,0,0.0,0.0
2024-01-28,0,0.5,0,0,0,0.5,0.5,0,0.0,0.0
2024-01-29,0,0.5,0,0,0,0.5,0.5,0,0.0,0.0
2024-01-30,0,0.5,0,0,0,0.5,0.5,0,0.0,0.0
2024-01-31,0,0.5,0,0,0,0.5,0.5,0,0.0,0.0
2024-02-01,0,0.5,0,0,0,0.5,0.5,0,0.0,0.0
2024-02-02,0,0.5,0,0,0,0.5,0.5,0,0.0,0.0
2024-02-03,0,0.5,0,0,0,0.5,0.5,0,0.0,0.0
2024-02-04,0,0.5,0,0,0,0.5,0.5,0,0.0,0.0
2024-02-05,0,0.5,0,0,0,0.5,0.5,0,0.0,0.0
2024-02-06,0,0.5,0,0,0,0.5,0.5,0,0.0,0.0
2024-02-07,0,0.5,0,0,0,0.5,0.5,0,0.0,0.0
2024-02-08,0,0.5,0,0,0,0.5,0.5,0,0.0,0.0
2024-02-09,0,0.5,0,0,0,0.5,0.5,0,0.0,0.0
2024-02-10,0,0.5,0,0,0,0.5,0.5,0,0.0,0.0
2024-02-11,0,0.5,0,0,0,0.5,0.5,0,0.0,0.0
2024-02-12,0,0.5,0,0,0,0.5,0.5,0,0.0,0.0
2024-02-13,0,0.5,0,0,0,0.5,0.5,0,0.0,0.0
2024-02-14,0,0.5,0,0,0,0.5,0.5,0,0.0,0.0
2024-02-15,0,0.5,0,0,0,0.5,0.5,0,0.0,0.0
2024-02-16,0,0.5,0,0,0,0.5,0.5,0,0.0,0.0
2024-02-17,0,0.5,0,0,0,0.5,0.5,0,0.0,0.0
2024-02-18,0,0.5,0,0,0,0.5,0.5,0,0.0,0.0
2024-02-19,0,0.5,0,0,0,0.5,0.5,0,0.0,0.0
2024-02-20,0,0.5,0,0,0,0.5,0.5,0,0.0,0.0
2024-02-21,0,0.5,0,0,0,0.5,0.5,0,0.0,0.0
2024-02-22,0,0.5,0,0,0,0.5,0.5,0,0.0,0.0
2024-02-23,0,0.5,0,0,0,0.5,0.5,0,0.0,0.0
2024-02-24,0,0.5,0,0,0,0.5,0.5,0,0.0,0.0
2024-02-25,0,0.5,0,0,0,0.5,0.5,0,0.0,0.0
2024-02-26,0,0.5,0,0,0,0.5,0.5,0,0.0,0.0
2024-02-27,0,0.5,0,0,0,0.5,0.5,0,0.0,0.0
2024-02-28,0,0.5,0,0,0,0.5,0.5,0,0.0,0.0
2024-02-29,0,0.5,0,0,0,0.5,0.5,0,0.0,0.0
2024-03-01,0,0.5,0,0,0,0.5,0.5,0,0.0,0.0
2024-03-02,0,0.5,0,0,0,0.5,0.5,0,0.0,0.0
2024-03-03,0,0.5,0,0,0,0.5,0.5,0,0.0,0.0
2024-03-04,0,0.5,0,0,0,0.5,0.5,0,0.0,0.0
2024-03-05,0,0.5,0,0,0,0.5,0.5,0,0.0,0.0
2024-03-06,0,0.5,0,0,0,0.5,0.5,0,0.0,0.0
2024-03-07,0,0.5,0,0,0,0.5,0.5,0,0.0,0.0
2024-03-08,0,0.5,0,0,0,0.5,0.5,0,0.0,0.0
2024-03-09,0,0.5,0,0,0,0.5,0.5,0,0.0,0.0
2024-03-10,0,0.5,0,0,0,0.5,0.5,0,0.0,0.0
2024-03-11,0,0.5,0,0,0,0.5,0.5,0,0.0,0.0
2024-03-12,0,0.5,0,0,0,0.5,0.5,0,0.0,0.0
2024-03-13,0,0.5,0,0,0,0.5,0.5,0,0.0,0.0
2024-03-14,0,0.5,0,0,0,0.5,0.5,0,0.0,0.0
2024-03-15,0,0.5,0,0,0,0.5,0.5,0,0.0,0.0
2024-03-16,0,0.5,0,0,0,0.5,0.5,0,0.0,0.0
2024-03-17,0,0.5,0,0,0,0.5,0.5,0,0.0,0.0
2024-03-18,0,0.5,0,0,0,0.5,0.5,0,0.0,0.0
2024-03-19,0,0.5,0,0,0,0.5,0.5,0,0.0,0.0
2024-03-20,0,0.5,0,0,0,0.5,0.5,0,0.0,0.0
2024-03-21,0,0.5,0,0,0,0.5,0.5,0,0.0,0.0
2024-03-22,0,0.5,0,0,0,0.5,0.5,0,0.0,0.0
2024-03-23,0,0.5,0,0,0,0.5,0.5,0,0.0,0.0
2024-03-24,0,0.5,0,0,0,0.5,0.5,0,0.0,0.0
2024-03-25,0,0.5,0,0,0,0.5,0.5,0,0.0,0.0
2024-03-26,0,0.5,0,0,0,0.5,0.5,0,0.0,0.0
2024-03-27,0,0.5,0,0,0,0.5,0.5,0,0.0,0.0
2024-03-28,0,0.5,0,0,0,0.5,0.5,0,0.0,0.0
2024-03-29,0,0.5,0,0,0,0.5,0.5,0,0.0,0.0
2024-03-30,0,0.5,0,0,0,0.5,0.5,0,0.0,0.0
2024-03-31,0,0.5,0,0,0,0.5,0.5,0,0.0,0.0
2024-04-01,0,0.5,0,0,0,0.5,0.5,0,0.0,0.0
2024-04-02,0,0.5,0,0,0,0.5,0.5,0,0.0,0.0
2024-04-03,0,0.5,0,0,0,0.5,0.5,0,0.0,0.0
2024-04-04,0,0.5,0,0,0,0.5,0.5,0,0.0,0.0
2024-04-05,0,0.5,0,0,0,0.5,0.5,0,0.0,0.0
2024-04-06,0,0.5,0,0,0,0.5,0.5,0,0.0,0.0
2024-04-07,0,0.5,0,0,0,0.5,0.5,0,0.0,0.0
2024-04-08,0,0.5,0,0,0,0.5,0.5,0,0.0,0.0
2024-04-09,0,0.5,0,0,0,0.5,0.5,0,0.0,0.0
2024-04-10,0,0.5,0,0,0,0.5,0.5,0,0.0,0.0
2024-04-11,0,0.5,0,0,0,0.5,0.5,0,0.0,0.0
2024-04-12,0,0.5,0,0,0,0.5,0.5,0,0.0,0.0
2024-04-13,0,0.5,0,0,0,0.5,0.5,0,0.0,0.0
2024-04-14,0,0.5,0,0,0,0.5,0.5,0,0.0,0.0
2024-04-15,0,0.5,0,0,0,0.5,0.5,0,0.0,0.0
2024-04-16,0,0.5,0,0,0,0.5,0.5,0,0.0,0.0
2024-04-17,0,0.5,0,0,0,0.5,0.5,0,0.0,0.0
2024-04-18,0,0.5,0,0,0,0.5,0.5,0,0.0,0.0
2024-04-19,0,0.5,0,0,0,0.5,0.5,0,0.0,0.0
2024-04-20,0,0.5,0,0,0,0.5,0.5,0,0.0,0.0
2024-04-21,0,0.5,0,0,0,0.5,0.5,0,0.0,0.0
2024-04-22,0,0.5,0,0,0,0.5,0.5,0,0.0,0.0
2024-04-23,0,0.5,0,0,0,0.5,0.5,0,0.0,0.0
2024-04-24,0,0.5,0,0,0,0.5,0.5,0,0.0,0.0
2024-04-25,0,0.5,0,0,0,0.5,0.5,0,0.0,0.0
2024-04-26,0,0.5,0,0,0,0.5,0.5,0,0.0,0.0
2024-04-27,0,0.5,0,0,0,0.5,0.5,0,0.0,0.0
2024-04-28,0,0.5,0,0,0,0.5,0.5,0,0.0,0.0
2024-04-29,0,0.5,0,0,0,0.5,0.5,0,0.0,0.0
2024-04-30,0,0.5,0,0,0,0.5,0.5,0,0.0,0.0
2024-05-01,0,0.5,0,0,0,0.5,0.5,0,0.0,0.0
2024-05-02,0,0.5,0,0,0,0.5,0.5,0,0.0,0.0
2024-05-03,0,0.5,0,0,0,0.5,0.5,0,0.0,0.0
2024-05-04,0,0.5,0,0,0,0.5,0.5,0,0.0,0.0
2024-05-05,0,0.5,0,0,0,0.5,0.5,0,0.0,0.0
2024-05-06,0,0.5,0,0,0,0.5,0.5,0,0.0,0.0
2024-05-07,0,0.5,0,0,0,0.5,0.5,0,0.0,0.0
2024-05-08,0,0.5,0,0,0,0.5,0.5,0,0.0,0.0
2024-05-09,0,0.5,0,0,0,0.5,0.5,0,0.0,0.0
2024-05-10,0,0.5,0,0,0,0.5,0.5,0,0.0,0.0
2024-05-11,0,0.5,0,0,0,0.5,0.5,0,0.0,0.0
2024-05-12,0,0.5,0,0,0,0.5,0.5,0,0.0,0.0
2024-05-13,0,0.5,0,0,0,0.5,0.5,0,0.0,0.0
2024-05-14,0,0.5,0,0,0,0.5,0.5,0,0.0,0.0
2024-05-15,0,0.5,0,0,0,0.5,0.5,0,0.0,0.0
2024-05-16,0,0.5,0,0,0,0.5,0.5,0,0.0,0.0
2024-05-17,0,0.5,0,0,0,0.5,0.5,0,0.0,0.0
2024-05-18,0,0.5,0,0,0,0.5,0.5,0,0.0,0.0
2024-05-19,0,0.5,0,0,0,0.5,0.5,0,0.0,0.0
2024-05-20,0,0.5,0,0,0,0.5,0.5,0,0.0,0.0
2024-05-21,0,0.5,0,0,0,0.5,0.5,0,0.0,0.0
2024-05-22,0,0.5,0,0,0,0.5,0.5,0,0.0,0.0
2024-05-23,0,0.5,0,0,0,0.5,0.5,0,0.0,0.0
2024-05-24,0,0.5,0,0,0,0.5,0.5,0,0.0,0.0
2024-05-25,0,0.5,0,0,0,0.5,0.5,0,0.0,0.0
2024-05-26,0,0.5,0,0,0,0.5,0.5,0,0.0,0.0
2024-05-27,0,0.5,0,0,0,0.5,0.5,0,0.0,0.0
2024-05-28,0,0.5,0,0,0,0.5,0.5,0,0.0,0.0
2024-05-29,0,0.5,0,0,0,0.5,0.5,0,0.0,0.0
2024-05-30,0,0.5,0,0,0,0.5,0.5,0,0.0,0.0
2024-05-31,0,0.5,0,0,0,0.5,0.5,0,0.0,0.0
2024-06-01,0,0.5,0,0,0,0.5,0.5,0,0.0,0.0
2024-06-02,0,0.5,0,0,0,0.5,0.5,0,0.0,0.0
2024-06-03,0,0.5,0,0,0,0.5,0.5,0,0.0,0.0
2024-06-04,0,0.5,0,0,0,0.5,0.5,0,0.0,0.0
2024-06-05,0,0.5,0,0,0,0.5,0.5,0,0.0,0.0
2024-06-06,0,0.5,0,0,0,0.5,0.5,0,0.0,0.0
2024-06-07,0,0.5,0,0,0,0.5,0.5,0,0.0,0.0
2024-06-08,0,0.5,0,0,0,0.5,0.5,0,0.0,0.0
2024-06-09,0,0.5,0,0,0,0.5,0.5,0,0.0,0.0
2024-06-10,0,0.5,0,0,0,0.5,0.5,0,0.0,0.0
2024-06-11,0,0.5,0,0,0,0.5,0.5,0,0.0,0.0
2024-06-12,0,0.5,0,0,0,0.5,0.5,0,0.0,0.0
2024-06-13,0,0.5,0,0,0,0.5,0.5,0,0.0,0.0
2024-06-14,0,0.5,0,0,0,0.5,0.5,0,0.0,0.0
2024-06-15,0,0.5,0,0,0,0.5,0.5,0,0.0,0.0
2024-06-16,0,0.5,0,0,0,0.5,0.5,0,0.0,0.0
2024-06-17,0,0.5,0,0,0,0.5,0.5,0,0.0,0.0
2024-06-18,0,0.5,0,0,0,0.5,0.5,0,0.0,0.0
2024-06-19,0,0.5,0,0,0,0.5,0.5,0,0.0,0.0
2024-06-20,0,0.5,0,0,0,0.5,0.5,0,0.0,0.0
2024-06-21,0,0.5,0,0,0,0.5,0.5,0,0.0,0.0
2024-06-22,0,0.5,0,0,0,0.5,0.5,0,0.0,0.0
2024-06-23,0,0.5,0,0,0,0.5,0.5,0,0.0,0.0
2024-06-24,0,0.5,0,0,0,0.5,0.5,0,0.0,0.0
2024-06-25,0,0.5,0,0,0,0.5,0.5,0,0.0,0.0
2024-06-26,0,0.5,0,0,0,0.5,0.5,0,0.0,0.0
2024-06-27,0,0.5,0,0,0,0.5,0.5,0,0.0,0.0
2024-06-28,0,0.5,0,0,0,0.5,0.5,0,0.0,0.0
2024-06-29,0,0.5,0,0,0,0.5,0.5,0,0.0,0.0
2024-06-30,0,0.5,0,0,0,0.5,0.5,0,0.0,0.0
2024-07-01,0,0.5,0,0,0,0.5,0.5,0,0.0,0.0
2024-07-02,0,0.5,0,0,0,0.5,0.5,0,0.0,0.0
2024-07-03,0,0.5,0,0,0,0.5,0.5,0,0.0,0.0
2024-07-04,0,0.5,0,0,0,0.5,0.5,0,0.0,0.0
2024-07-05,0,0.5,0,0,0,0.5,0.5,0,0.0,0.0
2024-07-06,0,0.5,0,0,0,0.5,0.5,0,0.0,0.0
2024-07-07,0,0.5,0,0,0,0.5,0.5,0,0.0,0.0
2024-07-08,0,0.5,0,0,0,0.5,0.5,0,0.0,0.0
2024-07-09,0,0.5,0,0,0,0.5,0.5,0,0.0,0.0
2024-07-10,0,0.5,0,0,0,0.5,0.5,0,0.0,0.0
2024-07-11,0,0.5,0,0,0,0.5,0.5,0,0.0,0.0
2024-07-12,0,0.5,0,0,0,0.5,0.5,0,0.0,0.0
2024-07-13,0,0.5,0,0,0,0.5,0.5,0,0.0,0.0
2024-07-14,0,0.5,0,0,0,0.5,0.5,0,0.0,0.0
2024-07-15,0,0.5,0,0,0,0.5,0.5,0,0.0,0.0
2024-07-16,0,0.5,0,0,0,0.5,0.5,0,0.0,0.0
2024-07-17,0,0.5,0,0,0,0.5,0.5,0,0.0,0.0
2024-07-18,0,0.5,0,0,0,0.5,0.5,0,0.0,0.0
2024-07-19,0,0.5,0,0,0,0.5,0.5,0,0.0,0.0
2024-07-20,0,0.5,0,0,0,0.5,0.5,0,0.0,0.0
2024-07-21,0,0.5,0,0,0,0.5,0.5,0,0.0,0.0
2024-07-22,0,0.5,0,0,0,0.5,0.5,0,0.0,0.0
2024-07-23,0,0.5,0,0,0,0.5,0.5,0,0.0,0.0
2024-07-24,0,0.5,0,0,0,0.5,0.5,0,0.0,0.0
2024-07-25,0,0.5,0,0,0,0.5,0.5,0,0.0,0.0
2024-07-26,0,0.5,0,0,0,0.5,0.5,0,0.0,0.0
2024-07-27,0,0.5,0,0,0,0.5,0.5,0,0.0,0.0
2024-07-28,0,0.5,0,0,0,0.5,0.5,0,0.0,0.0
2024-07-29,0,0.5,0,0,0,0.5,0.5,0,0.0,0.0
2024-07-30,0,0.5,0,0,0,0.5,0.5,0,0.0,0.0
2024-07-31,0,0.5,0,0,0,0.5,0.5,0,0.0,0.0
2024-08-01,0,0.5,0,0,0,0.5,0.5,0,0.0,0.0
2024-08-02,0,0.5,0,0,0,0.5,0.5,0,0.0,0.0
2024-08-03,0,0.5,0,0,0,0.5,0.5,0,0.0,0.0
2024-08-04,0,0.5,0,0,0,0.5,0.5,0,0.0,0.0
2024-08-05,0,0.5,0,0,0,0.5,0.5,0,0.0,0.0
2024-08-06,0,0.5,0,0,0,0.5,0.5,0,0.0,0.0
2024-08-07,0,0.5,0,0,0,0.5,0.5,0,0.0,0.0
2024-08-08,0,0.5,0,0,0,0.5,0.5,0,0.0,0.0
2024-08-09,0,0.5,0,0,0,0.5,0.5,0,0.0,0.0
2024-08-10,0,0.5,0,0,0,0.5,0.5,0,0.0,0.0
2024-08-11,0,0.5,0,0,0,0.5,0.5,0,0.0,0.0
2024-08-12,0,0.5,0,0,0,0.5,0.5,0,0.0,0.0
2024-08-13,0,0.5,0,0,0,0.5,0.5,0,0.0,0.0
2024-08-14,0,0.5,0,0,0,0.5,0.5,0,0.0,0.0
2024-08-15,0,0.5,0,0,0,0.5,0.5,0,0.0,0.0
2024-08-16,0,0.5,0,0,0,0.5,0.5,0,0.0,0.0
2024-08-17,0,0.5,0,0,0,0.5,0.5,0,0.0,0.0
2024-08-18,0,0.5,0,0,0,0.5,0.5,0,0.0,0.0
2024-08-19,0,0.5,0,0,0,0.5,0.5,0,0.0,0.0
2024-08-20,0,0.5,0,0,0,0.5,0.5,0,0.0,0.0
2024-08-21,0,0.5,0,0,0,0.5,0.5,0,0.0,0.0
2024-08-22,0,0.5,0,0,0,0.5,0.5,0,0.0,0.0
2024-08-23,0,0.5,0,0,0,0.5,0.5,0,0.0,0.0
2024-08-24,0,0.5,0,0,0,0.5,0.5,0,0.0,0.0
2024-08-25,0,0.5,0,0,0,0.5,0.5,0,0.0,0.0
2024-08-26,0,0.5,0,0,0,0.5,0.5,0,0.0,0.0
2024-08-27,0,0.5,0,0,0,0.5,0.5,0,0.0,0.0
2024-08-28,0,0.5,0,0,0,0.5,0.5,0,0.0,0.0
2024-08-29,0,0.5,0,0,0,0.5,0.5,0,0.0,0.0
2024-08-30,0,0.5,0,0,0,0.5,0.5,0,0.0,0.0
2024-08-31,0,0.5,0,0,0,0.5,0.5,0,0.0,0.0
2024-09-01,0,0.5,0,0,0,0.5,0.5,0,0.0,0.0
2024-09-02,0,0.5,0,0,0,0.5,0.5,0,0.0,0.0
2024-09-03,0,0.5,0,0,0,0.5,0.5,0,0.0,0.0
2024-09-04,0,0.5,0,0,0,0.5,0.5,0,0.0,0.0
2024-09-05,0,0.5,0,0,0,0.5,0.5,0,0.0,0.0
2024-09-06,0,0.5,0,0,0,0.5,0.5,0,0.0,0.0
2024-09-07,0,0.5,0,0,0,0.5,0.5,0,0.0,0.0
2024-09-08,0,0.5,0,0,0,0.5,0.5,0,0.0,0.0
2024-09-09,0,0.5,0,0,0,0.5,0.5,0,0.0,0.0
2024-09-10,0,0.5,0,0,0,0.5,0.5,0,0.0,0.0
2024-09-11,0,0.5,0,0,0,0.5,0.5,0,0.0,0.0
2024-09-12,0,0.5,0,0,0,0.5,0.5,0,0.0,0.0
2024-09-13,0,0.5,0,0,0,0.5,0.5,0,0.0,0.0
2024-09-14,0,0.5,0,0,0,0.5,0.5,0,0.0,0.0
2024-09-15,0,0.5,0,0,0,0.5,0.5,0,0.0,0.0
2024-09-16,0,0.5,0,0,0,0.5,0.5,0,0.0,0.0
2024-09-17,0,0.5,0,0,0,0.5,0.5,0,0.0,0.0
2024-09-18,0,0.5,0,0,0,0.5,0.5,0,0.0,0.0
2024-09-19,0,0.5,0,0,0,0.5,0.5,0,0.0,0.0
2024-09-20,0,0.5,0,0,0,0.5,0.5,0,0.0,0.0
2024-09-21,0,0.5,0,0,0,0.5,0.5,0,0.0,0.0
2024-09-22,0,0.5,0,0,0,0.5,0.5,0,0.0,0.0
2024-09-23,0,0.5,0,0,0,0.5,0.5,0,0.0,0.0
2024-09-24,0,0.5,0,0,0,0.5,0.5,0,0.0,0.0
2024-09-25,0,0.5,0,0,0,0.5,0.5,0,0.0,0.0
2024-09-26,0,0.5,0,0,0,0.5,0.5,0,0.0,0.0
2024-09-27,0,0.5,0,0,0,0.5,0.5,0,0.0,0.0
2024-09-28,0,0.5,0,0,0,0.5,0.5,0,0.0,0.0
2024-09-29,0,0.5,0,0,0,0.5,0.5,0,0.0,0.0
2024-09-30,0,0.5,0,0,0,0.5,0.5,0,0.0,0.0
2024-10-01,0,0.5,0,0,0,0.5,0.5,0,0.0,0.0
2024-10-02,0,0.5,0,0,0,0.5,0.5,0,0.0,0.0
2024-10-03,0,0.5,0,0,0,0.5,0.5,0,0.0,0.0
2024-10-04,0,0.5,0,0,0,0.5,0.5,0,0.0,0.0
2024-10-05,0,0.5,0,0,0,0.5,0.5,0,0.0,0.0
2024-10-06,0,0.5,0,0,0,0.5,0.5,0,0.0,0.0
2024-10-07,0,0.5,0,0,0,0.5,0.5,0,0.0,0.0
2024-10-08,0,0.5,0,0,0,0.5,0.5,0,0.0,0.0
2024-10-09,0,0.5,0,0,0,0.5,0.5,0,0.0,0.0
2024-10-10,0,0.5,0,0,0,0.5,0.5,0,0.0,0.0
2024-10-11,0,0.5,0,0,0,0.5,0.5,0,0.0,0.0
2024-10-12,0,0.5,0,0,0,0.5,0.5,0,0.0,0.0
2024-10-13,0,0.5,0,0,0,0.5,0.5,0,0.0,0.0
2024-10-14,0,0.5,0,0,0,0.5,0.5,0,0.0,0.0
2024-10-15,0,0.5,0,0,0,0.5,0.5,0,0.0,0.0
2024-10-16,0,0.5,0,0,0,0.5,0.5,0,0.0,0.0
2024-10-17,0,0.5,0,0,0,0.5,0.5,0,0.0,0.0
2024-10-18,0,0.5,0,0,0,0.5,0.5,0,0.0,0.0
2024-10-19,0,0.5,0,0,0,0.5,0.5,0,0.0,0.0
2024-10-20,0,0.5,0,0,0,0.5,0.5,0,0.0,0.0
2024-10-21,0,0.5,0,0,0,0.5,0.5,0,0.0,0.0
2024-10-22,0,0.5,0,0,0,0.5,0.5,0,0.0,0.0
2024-10-23,0,0.5,0,0,0,0.5,0.5,0,0.0,0.0
2024-10-24,0,0.5,0,0,0,0.5,0.5,0,0.0,0.0
2024-10-25,0,0.5,0,0,0,0.5,0.5,0,0.0,0.0
2024-10-26,0,0.5,0,0,0,0.5,0.5,0,0.0,0.0
2024-10-27,0,0.5,0,0,0,0.5,0.5,0,0.0,0.0
2024-10-28,0,0.5,0,0,0,0.5,0.5,0,0.0,0.0
2024-10-29,0,0.5,0,0,0,0.5,0.5,0,0.0,0.0
2024-10-30,0,0.5,0,0,0,0.5,0.5,0,0.0,0.0
2024-10-31,0,0.5,0,0,0,0.5,0.5,0,0.0,0.0
2024-11-01,0,0.5,0,0,0,0.5,0.5,0,0.0,0.0
2024-11-02,0,0.5,0,0,0,0.5,0.5,0,0.0,0.0
2024-11-03,0,0.5,0,0,0,0.5,0.5,0,0.0,0.0
2024-11-04,0,0.5,0,0,0,0.5,0.5,0,0.0,0.0
2024-11-05,0,0.5,0,0,0,0.5,0.5,0,0.0,0.0
2024-11-06,0,0.5,0,0,0,0.5,0.5,0,0.0,0.0
2024-11-07,0,0.5,0,0,0,0.5,0.5,0,0.0,0.0
2024-11-08,0,0.5,0,0,0,0.5,0.5,0,0.0,0.0
2024-11-09,0,0.5,0,0,0,0.5,0.5,0,0.0,0.0
2024-11-10,0,0.5,0,0,0,0.5,0.5,0,0.0,0.0
2024-11-11,0,0.5,0,0,0,0.5,0.5,0,0.0,0.0
2024-11-12,0,0.5,0,0,0,0.5,0.5,0,0.0,0.0
2024-11-13,0,0.5,0,0,0,0.5,0.5,0,0.0,0.0
2024-11-14,0,0.5,0,0,0,0.5,0.5,0,0.0,0.0
2024-11-15,0,0.5,0,0,0,0.5,0.5,0,0.0,0.0
2024-11-16,0,0.5,0,0,0,0.5,0.5,0,0.0,0.0
2024-11-17,0,0.5,0,0,0,0.5,0.5,0,0.0,0.0
2024-11-18,0,0.5,0,0,0,0.5,0.5,0,0.0,0.0
2024-11-19,0,0.5,0,0,0,0.5,0.5,0,0.0,0.0
2024-11-20,0,0.5,0,0,0,0.5,0.5,0,0.0,0.0
2024-11-21,0,0.5,0,0,0,0.5,0.5,0,0.0,0.0
2024-11-22,0,0.5,0,0,0,0.5,0.5,0,0.0,0.0
2024-11-23,0,0.5,0,0,0,0.5,0.5,0,0.0,0.0
2024-11-24,0,0.5,0,0,0,0.5,0.5,0,0.0,0.0
2024-11-25,0,0.5,0,0,0,0.5,0.5,0,0.0,0.0
2024-11-26,0,0.5,0,0,0,0.5,0.5,0,0.0,0.0
2024-11-27,0,0.5,0,0,0,0.5,0.5,0,0.0,0.0
2024-11-28,0,0.5,0,0,0,0.5,0.5,0,0.0,0.0
2024-11-29,0,0.5,0,0,0,0.5,0.5,0,0.0,0.0
2024-11-30,0,0.5,0,0,0,0.5,0.5,0,0.0,0.0
2024-12-01,0,0.5,0,0,0,0.5,0.5,0,0.0,0.0
2024-12-02,0,0.5,0,0,0,0.5,0.5,0,0.0,0.0
2024-12-03,0,0.5,0,0,0,0.5,0.5,0,0.0,0.0
2024-12-04,0,0.5,0,0,0,0.5,0.5,0,0.0,0.0
2024-12-05,0,0.5,0,0,0,0.5,0.5,0,0.0,0.0
2024-12-06,0,0.5,0,0,0,0.5,0.5,0,0.0,0.0
2024-12-07,0,0.5,0,0,0,0.5,0.5,0,0.0,0.0
2024-12-08,0,0.5,0,0,0,0.5,0.5,0,0.0,0.0
2024-12-09,0,0.5,0,0,0,0.5,0.5,0,0.0,0.0
2024-12-10,0,0.5,0,0,0,0.5,0.5,0,0.0,0.0
2024-12-11,0,0.5,0,0,0,0.5,0.5,0,0.0,0.0
2024-12-12,0,0.5,0,0,0,0.5,0.5,0,0.0,0.0
2024-12-13,0,0.5,0,0,0,0.5,0.5,0,0.0,0.0
2024-12-14,0,0.5,0,0,0,0.5,0.5,0,0.0,0.0
2024-12-15,0,0.5,0,0,0,0.5,0.5,0,0.0,0.0
2024-12-16,0,0.5,0,0,0,0.5,0.5,0,0.0,0.0
2024-12-17,0,0.5,0,0,0,0.5,0.5,0,0.0,0.0
2024-12-18,0,0.5,0,0,0,0.5,0.5,0,0.0,0.0
2024-12-19,0,0.5,0,0,0,0.5,0.5,0,0.0,0.0
2024-12-20,0,0.5,0,0,0,0.5,0.5,0,0.0,0.0
2024-12-21,0,0.5,0,0,0,0.5,0.5,0,0.0,0.0
2024-12-22,0,0.5,0,0,0,0.5,0.5,0,0.0,0.0
2024-12-23,0,0.5,0,0,0,0.5,0.5,0,0.0,0.0
2024-12-24,0,0.5,0,0,0,0.5,0.5,0,0.0,0.0
2024-12-25,0,0.5,0,0,0,0.5,0.5,0,0.0,0.0
2024-12-26,0,0.5,0,0,0,0.5,0.5,0,0.0,0.0
2024-12-27,0,0.5,0,0,0,0.5,0.5,0,0.0,0.0
2024-12-28,0,0.5,0,0,0,0.5,0.5,0,0.0,0.0
2024-12-29,0,0.5,0,0,0,0.5,0.5,0,0.0,0.0
2024-12-30,0,0.5,0,0,0,0.5,0.5,0,0.0,0.0
2024-12-31,0,0.5,0,0,0,0.5,0.5,0,0.0,0.0
2025-01-01,0,0.5,0,0,0,0.5,0.5,0,0.0,0.0
2025-01-02,0,0.5,0,0,0,0.5,0.5,0,0.0,0.0
2025-01-03,0,0.5,0,0,0,0.5,0.5,0,0.0,0.0
2025-01-04,0,0.5,0,0,0,0.5,0.5,0,0.0,0.0
2025-01-05,0,0.5,0,0,0,0.5,0.5,0,0.0,0.0
2025-01-06,0,0.5,0,0,0,0.5,0.5,0,0.0,0.0
2025-01-07,0,0.5,0,0,0,0.5,0.5,0,0.0,0.0
2025-01-08,0,0.5,0,0,0,0.5,0.5,0,0.0,0.0
2025-01-09,0,0.5,0,0,0,0.5,0.5,0,0.0,0.0
2025-01-10,0,0.5,0,0,0,0.5,0.5,0,0.0,0.0
2025-01-11,0,0.5,0,0,0,0.5,0.5,0,0.0,0.0
2025-01-12,0,0.5,0,0,0,0.5,0.5,0,0.0,0.0
2025-01-13,0,0.5,0,0,0,0.5,0.5,0,0.0,0.0
2025-01-14,0,0.5,0,0,0,0.5,0.5,0,0.0,0.0
2025-01-15,0,0.5,0,0,0,0.5,0.5,0,0.0,0.0
2025-01-16,0,0.5,0,0,0,0.5,0.5,0,0.0,0.0
2025-01-17,0,0.5,0,0,0,0.5,0.5,0,0.0,0.0
2025-01-18,0,0.5,0,0,0,0.5,0.5,0,0.0,0.0
2025-01-19,0,0.5,0,0,0,0.5,0.5,0,0.0,0.0
2025-01-20,0,0.5,0,0,0,0.5,0.5,0,0.0,0.0
2025-01-21,0,0.5,0,0,0,0.5,0.5,0,0.0,0.0
2025-01-22,0,0.5,0,0,0,0.5,0.5,0,0.0,0.0
2025-01-23,0,0.5,0,0,0,0.5,0.5,0,0.0,0.0
2025-01-24,0,0.5,0,0,0,0.5,0.5,0,0.0,0.0
2025-01-25,0,0.5,0,0,0,0.5,0.5,0,0.0,0.0
2025-01-26,0,0.5,0,0,0,0.5,0.5,0,0.0,0.0
2025-01-27,0,0.5,0,0,0,0.5,0.5,0,0.0,0.0
2025-01-28,0,0.5,0,0,0,0.5,0.5,0,0.0,0.0
2025-01-29,0,0.5,0,0,0,0.5,0.5,0,0.0,0.0
2025-01-30,0,0.5,0,0,0,0.5,0.5,0,0.0,0.0
2025-01-31,0,0.5,0,0,0,0.5,0.5,0,0.0,0.0
2025-02-01,0,0.5,0,0,0,0.5,0.5,0,0.0,0.0
2025-02-02,0,0.5,0,0,0,0.5,0.5,0,0.0,0.0
2025-02-03,0,0.5,0,0,0,0.5,0.5,0,0.0,0.0
2025-02-04,0,0.5,0,0,0,0.5,0.5,0,0.0,0.0
2025-02-05,0,0.5,0,0,0,0.5,0.5,0,0.0,0.0
2025-02-06,0,0.5,0,0,0,0.5,0.5,0,0.0,0.0
2025-02-07,0,0.5,0,0,0,0.5,0.5,0,0.0,0.0
2025-02-08,0,0.5,0,0,0,0.5,0.5,0,0.0,0.0
2025-02-09,0,0.5,0,0,0,0.5,0.5,0,0.0,0.0
2025-02-10,0,0.5,0,0,0,0.5,0.5,0,0.0,0.0
2025-02-11,0,0.5,0,0,0,0.5,0.5,0,0.0,0.0
2025-02-12,0,0.5,0,0,0,0.5,0.5,0,0.0,0.0
2025-02-13,0,0.5,0,0,0,0.5,0.5,0,0.0,0.0
2025-02-14,0,0.5,0,0,0,0.5,0.5,0,0.0,0.0
2025-02-15,0,0.5,0,0,0,0.5,0.5,0,0.0,0.0
2025-02-16,0,0.5,0,0,0,0.5,0.5,0,0.0,0.0
2025-02-17,0,0.5,0,0,0,0.5,0.5,0,0.0,0.0
2025-02-18,0,0.5,0,0,0,0.5,0.5,0,0.0,0.0
2025-02-19,0,0.5,0,0,0,0.5,0.5,0,0.0,0.0
2025-02-20,0,0.5,0,0,0,0.5,0.5,0,0.0,0.0
2025-02-21,0,0.5,0,0,0,0.5,0.5,0,0.0,0.0
2025-02-22,0,0.5,0,0,0,0.5,0.5,0,0.0,0.0
2025-02-23,0,0.5,0,0,0,0.5,0.5,0,0.0,0.0
2025-02-24,0,0.5,0,0,0,0.5,0.5,0,0.0,0.0
2025-02-25,0,0.5,0,0,0,0.5,0.5,0,0.0,0.0
2025-02-26,0,0.5,0,0,0,0.5,0.5,0,0.0,0.0
2025-02-27,0,0.5,0,0,0,0.5,0.5,0,0.0,0.0
2025-02-28,0,0.5,0,0,0,0.5,0.5,0,0.0,0.0
2025-03-01,0,0.5,0,0,0,0.5,0.5,0,0.0,0.0
2025-03-02,0,0.5,0,0,0,0.5,0.5,0,0.0,0.0
2025-03-03,0,0.5,0,0,0,0.5,0.5,0,0.0,0.0
2025-03-04,0,0.5,0,0,0,0.5,0.5,0,0.0,0.0
2025-03-05,0,0.5,0,0,0,0.5,0.5,0,0.0,0.0
2025-03-06,0,0.5,0,0,0,0.5,0.5,0,0.0,0.0
2025-03-07,0,0.5,0,0,0,0.5,0.5,0,0.0,0.0
2025-03-08,0,0.5,0,0,0,0.5,0.5,0,0.0,0.0
2025-03-09,0,0.5,0,0,0,0.5,0.5,0,0.0,0.0
2025-03-10,0,0.5,0,0,0,0.5,0.5,0,0.0,0.0
2025-03-11,0,0.5,0,0,0,0.5,0.5,0,0.0,0.0
2025-03-12,0,0.5,0,0,0,0.5,0.5,0,0.0,0.0
2025-03-13,0,0.5,0,0,0,0.5,0.5,0,0.0,0.0
2025-03-14,0,0.5,0,0,0,0.5,0.5,0,0.0,0.0
2025-03-15,0,0.5,0,0,0,0.5,0.5,0,0.0,0.0
2025-03-16,0,0.5,0,0,0,0.5,0.5,0,0.0,0.0
2025-03-17,0,0.5,0,0,0,0.5,0.5,0,0.0,0.0
2025-03-18,0,0.5,0,0,0,0.5,0.5,0,0.0,0.0
2025-03-19,0,0.5,0,0,0,0.5,0.5,0,0.0,0.0
2025-03-20,0,0.5,0,0,0,0.5,0.5,0,0.0,0.0
2025-03-21,0,0.5,0,0,0,0.5,0.5,0,0.0,0.0
2025-03-22,0,0.5,0,0,0,0.5,0.5,0,0.0,0.0
2025-03-23,0,0.5,0,0,0,0.5,0.5,0,0.0,0.0
2025-03-24,0,0.5,0,0,0,0.5,0.5,0,0.0,0.0
2025-03-25,0,0.5,0,0,0,0.5,0.5,0,0.0,0.0
2025-03-26,0,0.5,0,0,0,0.5,0.5,0,0.0,0.0
2025-03-27,0,0.5,0,0,0,0.5,0.5,0,0.0,0.0
2025-03-28,0,0.5,0,0,0,0.5,0.5,0,0.0,0.0
2025-03-29,0,0.5,0,0,0,0.5,0.5,0,0.0,0.0
2025-03-30,0,0.5,0,0,0,0.5,0.5,0,0.0,0.0
2025-03-31,0,0.5,0,0,0,0.5,0.5,0,0.0,0.0
2025-04-01,0,0.5,0,0,0,0.5,0.5,0,0.0,0.0
2025-04-02,0,0.5,0,0,0,0.5,0.5,0,0.0,0.0
2025-04-03,0,0.5,0,0,0,0.5,0.5,0,0.0,0.0
2025-04-04,0,0.5,0,0,0,0.5,0.5,0,0.0,0.0
2025-04-05,0,0.5,0,0,0,0.5,0.5,0,0.0,0.0
2025-04-06,0,0.5,0,0,0,0.5,0.5,0,0.0,0.0
2025-04-07,0,0.5,0,0,0,0.5,0.5,0,0.0,0.0
2025-04-08,0,0.5,0,0,0,0.5,0.5,0,0.0,0.0
2025-04-09,0,0.5,0,0,0,0.5,0.5,0,0.0,0.0
2025-04-10,0,0.5,0,0,0,0.5,0.5,0,0.0,0.0
2025-04-11,0,0.5,0,0,0,0.5,0.5,0,0.0,0.0
2025-04-12,0,0.5,0,0,0,0.5,0.5,0,0.0,0.0
2025-04-13,0,0.5,0,0,0,0.5,0.5,0,0.0,0.0
2025-04-14,0,0.5,0,0,0,0.5,0.5,0,0.0,0.0
2025-04-15,0,0.5,0,0,0,0.5,0.5,0,0.0,0.0
2025-04-16,0,0.5,0,0,0,0.5,0.5,0,0.0,0.0
2025-04-17,0,0.5,0,0,0,0.5,0.5,0,0.0,0.0
2025-04-18,0,0.5,0,0,0,0.5,0.5,0,0.0,0.0
2025-04-19,0,0.5,0,0,0,0.5,0.5,0,0.0,0.0
2025-04-20,0,0.5,0,0,0,0.5,0.5,0,0.0,0.0
2025-04-21,0,0.5,0,0,0,0.5,0.5,0,0.0,0.0
2025-04-22,0,0.5,0,0,0,0.5,0.5,0,0.0,0.0
2025-04-23,0,0.5,0,0,0,0.5,0.5,0,0.0,0.0
2025-04-24,0,0.5,0,0,0,0.5,0.5,0,0.0,0.0
2025-04-25,0,0.5,0,0,0,0.5,0.5,0,0.0,0.0
2025-04-26,0,0.5,0,0,0,0.5,0.5,0,0.0,0.0
2025-04-27,9,0.4444444444444444,1,2,6,0.4429807498151211,0.5,0,0.0,0.0
2025-04-28,23,0.45652173913043476,5,7,11,0.4536843960801581,0.4429807498151211,9,0.1111111111111111,0.2222222222222222
2025-04-29,27,0.2777777777777778,3,15,9,0.2739589638996816,0.4506739955681164,32,0.1875,0.28125
2025-04-30,0,0.5,0,0,0,0.5,0.36980440480459537,59,0.15254237288135594,0.4067796610169492
2025-05-01,0,0.5,0,0,0,0.5,0.36980440480459537,59,0.15254237288135594,0.4067796610169492
2025-05-02,0,0.5,0,0,0,0.5,0.36980440480459537,59,0.15254237288135594,0.4067796610169492
2025-05-03,0,0.5,0,0,0,0.5,0.36980440480459537,59,0.15254237288135594,0.4067796610169492
2025-05-04,0,0.5,0,0,0,0.5,0.36980440480459537,59,0.15254237288135594,0.4067796610169492
2025-05-05,0,0.5,0,0,0,0.5,0.3566326627027008,50,0.16,0.44
2025-05-06,0,0.5,0,0,0,0.5,0.2739589638996816,27,0.1111111111111111,0.5555555555555556
2025-05-07,0,0.5,0,0,0,0.5,0.5,0,0.0,0.0
2025-05-08,0,0.5,0,0,0,0.5,0.5,0,0.0,0.0
2025-05-09,0,0.5,0,0,0,0.5,0.5,0,0.0,0.0
2025-05-10,0,0.5,0,0,0,0.5,0.5,0,0.0,0.0
2025-05-11,0,0.5,0,0,0,0.5,0.5,0,0.0,0.0
2025-05-12,0,0.5,0,0,0,0.5,0.5,0,0.0,0.0
2025-05-13,0,0.5,0,0,0,0.5,0.5,0,0.0,0.0
2025-05-14,0,0.5,0,0,0,0.5,0.5,0,0.0,0.0
2025-05-15,0,0.5,0,0,0,0.5,0.5,0,0.0,0.0
2025-05-16,9,0.8333333333333334,6,0,3,0.8506221044453054,0.5,0,0.0,0.0
2025-05-17,8,0.5,2,2,4,0.5512533191792858,0.8506221044453054,9,0.6666666666666666,0.0
2025-05-18,12,0.5833333333333334,4,2,6,0.5944596182667214,0.7097426760848256,17,0.47058823529411764,0.11764705882352941
2025-05-19,28,0.35714285714285715,7,15,6,0.34113111657019396,0.6620393418152651,29,0.41379310344827586,0.13793103448275862
2025-05-20,30,0.43333333333333335,9,13,8,0.4261395990334396,0.5044002136247039,57,0.3333333333333333,0.3333333333333333
2025-05-21,22,0.4318181818181818,4,7,11,0.4261493030214621,0.47741379480013,87,0.3218390804597701,0.367816091954023
2025-05-22,17,0.38235294117647056,5,9,3,0.3865413816785944,0.46706683315672914,109,0.29357798165137616,0.3577981651376147
2025-05-23,25,0.42,4,8,13,0.39750379333227154,0.4562022881160284,126,0.29365079365079366,0.38095238095238093
2025-05-24,10,0.35,0,3,7,0.32876637956086957,0.42086960701351145,142,0.24647887323943662,0.39436619718309857
2025-05-25,5,0.5,1,1,3,0.4612454486231768,0.4072300099867572,144,0.22916666666666666,0.3958333333333333
2025-05-26,9,0.4444444444444444,2,3,4,0.4252853122788502,0.39280170264239606,137,0.21897810218978103,0.40875912408759124
2025-05-27,23,0.5,7,7,9,0.4978089433757735,0.4075400831233261,118,0.211864406779661,0.3728813559322034
2025-05-28,28,0.39285714285714285,7,13,8,0.3902840109250279,0.42121754536209083,111,0.2072072072072072,0.34234234234234234
2025-05-29,24,0.5208333333333334,8,7,9,0.5368961750632254,0.41288730918479233,117,0.2222222222222222,0.37606837606837606
2025-05-30,0,0.5,0,0,0,0.5,0.44050096683550005,124,0.23387096774193547,0.3387096774193548
2025-05-31,0,0.5,0,0,0,0.5,0.4513588389322749,99,0.25252525252525254,0.3434343434343434
2025-06-01,0,0.5,0,0,0,0.5,0.4651332725695115,89,0.2808988764044944,0.34831460674157305
2025-06-02,0,0.5,0,0,0,0.5,0.46536469066155517,84,0.2857142857142857,0.35714285714285715
2025-06-03,0,0.5,0,0,0,0.5,0.4701742160674797,75,0.29333333333333333,0.36
2025-06-04,0,0.5,0,0,0,0.5,0.457951163604196,52,0.28846153846153844,0.38461538461538464
2025-06-05,0,0.5,0,0,0,0.5,0.5368961750632254,24,0.3333333333333333,0.2916666666666667
2025-06-06,0,0.5,0,0,0,0.5,0.5,0,0.0,0.0
2025-06-07,0,0.5,0,0,0,0.5,0.5,0,0.0,0.0
2025-06-08,0,0.5,0,0,0,0.5,0.5,0,0.0,0.0
2025-06-09,0,0.5,0,0,0,0.5,0.5,0,0.0,0.0
2025-06-10,0,0.5,0,0,0,0.5,0.5,0,0.0,0.0
2025-06-11,0,0.5,0,0,0,0.5,0.5,0,0.0,0.0
2025-06-12,0,0.5,0,0,0,0.5,0.5,0,0.0,0.0
2025-06-13,0,0.5,0,0,0,0.5,0.5,0,0.0,0.0
2025-06-14,0,0.5,0,0,0,0.5,0.5,0,0.0,0.0
2025-06-15,0,0.5,0,0,0,0.5,0.5,0,0.0,0.0
2025-06-16,0,0.5,0,0,0,0.5,0.5,0,0.0,0.0
2025-06-17,4,0.25,0,2,2,0.20961676468296989,0.5,0,0.0,0.0
2025-06-18,28,0.4642857142857143,5,7,16,0.44997495292202083,0.20961676468296989,4,0.0,0.5
2025-06-19,16,0.5625,3,1,12,0.5588527100429597,0.41993017939213945,32,0.15625,0.28125
2025-06-20,28,0.42857142857142855,7,11,10,0.4151427242379751,0.46623768960907946,48,0.16666666666666666,0.20833333333333334
2025-06-21,8,0.25,0,4,4,0.24209090531402272,0.4474132286828832,76,0.19736842105263158,0.27631578947368424
2025-06-22,7,0.42857142857142855,1,2,4,0.4499659972405283,0.4278587216953726,84,0.17857142857142858,0.2976190476190476
2025-06-23,40,0.475,9,11,20,0.484828524767999,0.4295592813526923,91,0.17582417582417584,0.2967032967032967
2025-06-24,25,0.58,10,6,9,0.590497800112748,0.4464353862123279,131,0.19083969465648856,0.2900763358778626
2025-06-25,26,0.5961538461538461,13,8,5,0.6107967859040009,0.4763619311704064,152,0.23026315789473684,0.27631578947368424
2025-06-26,25,0.8,15,0,10,0.8009859670705045,0.5045895419305948,150,0.2866666666666667,0.2866666666666667
2025-06-27,29,0.4827586206896552,7,8,14,0.5101287485332318,0.5457323088406572,159,0.34591194968553457,0.2641509433962264
2025-06-28,14,0.6428571428571429,5,1,8,0.6325339096335709,0.5621323408404056,160,0.34375,0.24375
2025-06-29,0,0.5,0,0,0,0.5,0.583493506185679,166,0.3614457831325301,0.21686746987951808
2025-06-30,0,0.5,0,0,0,0.5,0.5893720757618806,159,0.3710691823899371,0.2138364779874214
2025-07-01,0,0.5,0,0,0,0.5,0.6245127651715887,119,0.42016806722689076,0.19327731092436976
2025-07-02,0,0.5,0,0,0,0.5,0.6335592984319186,94,0.425531914893617,0.18085106382978725
2025-07-03,0,0.5,0,0,0,0.5,0.6422626120455343,68,0.39705882352941174,0.1323529411764706
2025-07-04,0,0.5,0,0,0,0.5,0.5499815916821794,43,0.27906976744186046,0.20930232558139536
2025-07-05,0,0.5,0,0,0,0.5,0.6325339096335709,14,0.35714285714285715,0.07142857142857142
2025-07-06,0,0.5,0,0,0,0.5,0.5,0,0.0,0.0
2025-07-07,0,0.5,0,0,0,0.5,0.5,0,0.0,0.0
2025-07-08,0,0.5,0,0,0,0.5,0.5,0,0.0,0.0
2025-07-09,0,0.5,0,0,0,0.5,0.5,0,0.0,0.0
2025-07-10,0,0.5,0,0,0,0.5,0.5,0,0.0,0.0
2025-07-11,0,0.5,0,0,0,0.5,0.5,0,0.0,0.0
2025-07-12,0,0.5,0,0,0,0.5,0.5,0,0.0,0.0
2025-07-13,0,0.5,0,0,0,0.5,0.5,0,0.0,0.0
2025-07-14,0,0.5,0,0,0,0.5,0.5,0,0.0,0.0
2025-07-15,0,0.5,0,0,0,0.5,0.5,0,0.0,0.0
2025-07-16,1,1.0,1,0,0,1.0,0.5,0,0.0,0.0
2025-07-17,27,0.3888888888888889,4,10,13,0.4086624652554465,1.0,1,1.0,0.0
2025-07-18,21,0.6190476190476191,9,4,8,0.6302870565894961,0.42978166292489484,28,0.17857142857142858,0.35714285714285715
2025-07-19,7,0.7142857142857143,3,0,4,0.7048660276025249,0.5157125459240097,49,0.2857142857142857,0.2857142857142857
2025-07-20,10,0.4,2,4,4,0.386841573087157,0.5393567311338241,56,0.30357142857142855,0.25
2025-07-21,33,0.4696969696969697,6,8,19,0.4607121796495151,0.516248373854026,66,0.2878787878787879,0.2727272727272727
2025-07-22,30,0.6,9,3,18,0.6003706879489997,0.49773630911918904,99,0.25252525252525254,0.26262626262626265
2025-07-23,24,0.5625,6,3,15,0.5504267582924769,0.5216047693121684,129,0.26356589147286824,0.2248062015503876
2025-07-24,20,0.575,5,2,13,0.5690913938141576,0.5230082726334814,152,0.2565789473684211,0.21052631578947367
2025-07-25,29,0.3620689655172414,4,12,13,0.3795048715941919,0.5506565431356915,145,0.27586206896551724,0.16551724137931034
2025-07-26,5,0.6,1,0,4,0.5490602726924655,0.5072863519119438,153,0.22875816993464052,0.20915032679738563
2025-07-27,8,0.5625,1,0,7,0.5721228018277654,0.4995102716077619,151,0.2185430463576159,0.2119205298013245
2025-07-28,35,0.6,11,4,20,0.6091523086220467,0.5109705885672658,149,0.21476510067114093,0.18791946308724833
2025-07-29,0,0.5,0,0,0,0.5,0.5447115666878162,151,0.24503311258278146,0.15894039735099338
2025-07-30,0,0.5,0,0,0,0.5,0.5309117845569443,121,0.23140495867768596,0.17355371900826447
2025-07-31,0,0.5,0,0,0,0.5,0.5260833374471217,97,0.2268041237113402,0.18556701030927836
2025-08-01,0,0.5,0,0,0,0.5,0.5149124137154241,77,0.22077922077922077,0.2077922077922078
2025-08-02,0,0.5,0,0,0,0.5,0.5967211370803351,48,0.2708333333333333,0.08333333333333333
2025-08-03,0,0.5,0,0,0,0.5,0.6022630980556688,43,0.27906976744186046,0.09302325581395349
2025-08-04,0,0.5,0,0,0,0.5,0.6091523086220467,35,0.3142857142857143,0.11428571428571428
2025-08-05,0,0.5,0,0,0,0.5,0.5,0,0.0,0.0
2025-08-06,0,0.5,0,0,0,0.5,0.5,0,0.0,0.0
2025-08-07,0,0.5,0,0,0,0.5,0.5,0,0.0,0.0
2025-08-08,0,0.5,0,0,0,0.5,0.5,0,0.0,0.0
2025-08-09,0,0.5,0,0,0,0.5,0.5,0,0.0,0.0
2025-08-10,0,0.5,0,0,0,0.5,0.5,0,0.0,0.0
2025-08-11,0,0.5,0,0,0,0.5,0.5,0,0.0,0.0
2025-08-12,0,0.5,0,0,0,0.5,0.5,0,0.0,0.0
2025-08-13,0,0.5,0,0,0,0.5,0.5,0,0.0,0.0
2025-08-14,0,0.5,0,0,0,0.5,0.5,0,0.0,0.0
2025-08-15,0,0.5,0,0,0,0.5,0.5,0,0.0,0.0
2025-08-16,3,0.5,1,1,1,0.48594100856661276,0.5,0,0.0,0.0
2025-08-17,12,0.5833333333333334,4,2,6,0.5923600806135124,0.48594100856661276,3,0.3333333333333333,0.3333333333333333
2025-08-18,32,0.4375,5,9,18,0.44716685761119485,0.5710762662041324,15,0.3333333333333333,0.2
2025-08-19,19,0.39473684210526316,2,6,11,0.37376847646001243,0.4867124135451111,47,0.2127659574468085,0.2553191489361702
2025-08-20,20,0.375,2,7,11,0.3364510795245026,0.4541982498387948,66,0.18181818181818182,0.2727272727272727
2025-08-21,25,0.48,5,6,14,0.47819313031170574,0.42681518697500587,86,0.16279069767441862,0.29069767441860467
2025-08-22,35,0.45714285714285713,5,8,22,0.45230142177710797,0.43838679583462303,111,0.17117117117117117,0.27927927927927926
2025-08-23,12,0.375,2,5,5,0.37784202922171206,0.44172249383453377,146,0.1643835616438356,0.2671232876712329
2025-08-24,13,0.46153846153846156,1,2,10,0.4608652008787237,0.43592106725679125,155,0.16129032258064516,0.27741935483870966
2025-08-25,26,0.5,2,2,22,0.49718195485889205,0.4259659748004096,156,0.14102564102564102,0.27564102564102566
2025-08-26,30,0.35,3,12,15,0.3468692805599141,0.4337872230109123,150,0.12666666666666668,0.24
2025-08-27,23,0.5434782608695652,5,3,15,0.536347672027856,0.42467429078070834,161,0.12422360248447205,0.2608695652173913
2025-08-28,0,0.5,0,0,0,0.5,0.4510947297673456,164,0.1402439024390244,0.23170731707317074
2025-08-29,0,0.5,0,0,0,0.5,0.44622091671979885,139,0.12949640287769784,0.2302158273381295
2025-08-30,0,0.5,0,0,0,0.5,0.4441745929024351,104,0.125,0.23076923076923078
2025-08-31,0,0.5,0,0,0,0.5,0.4528266664260077,92,0.11956521739130435,0.20652173913043478
2025-09-01,0,0.5,0,0,0,0.5,0.451503869617333,79,0.12658227848101267,0.21518987341772153
2025-09-02,0,0.5,0,0,0,0.5,0.42909575232902103,53,0.1509433962264151,0.2830188679245283
2025-09-03,0,0.5,0,0,0,0.5,0.536347672027856,23,0.21739130434782608,0.13043478260869565
2025-09-04,0,0.5,0,0,0,0.5,0.5,0,0.0,0.0
2025-09-05,0,0.5,0,0,0,0.5,0.5,0,0.0,0.0
2025-09-06,0,0.5,0,0,0,0.5,0.5,0,0.0,0.0
2025-09-07,0,0.5,0,0,0,0.5,0.5,0,0.0,0.0
2025-09-08,0,0.5,0,0,0,0.5,0.5,0,0.0,0.0
2025-09-09,0,0.5,0,0,0,0.5,0.5,0,0.0,0.0
2025-09-10,0,0.5,0,0,0,0.5,0.5,0,0.0,0.0
2025-09-11,0,0.5,0,0,0,0.5,0.5,0,0.0,0.0
2025-09-12,0,0.5,0,0,0,0.5,0.5,0,0.0,0.0
2025-09-13,0,0.5,0,0,0,0.5,0.5,0,0.0,0.0
2025-09-14,0,0.5,0,0,0,0.5,0.5,0,0.0,0.0
2025-09-15,0,0.5,0,0,0,0.5,0.5,0,0.0,0.0
2025-09-16,0,0.5,0,0,0,0.5,0.5,0,0.0,0.0
2025-09-17,0,0.5,0,0,0,0.5,0.5,0,0.0,0.0
2025-09-18,17,0.35294117647058826,1,6,10,0.3641560432752063,0.5,0,0.0,0.0
2025-09-19,25,0.4,3,8,14,0.40362579415346295,0.3641560432752063,17,0.058823529411764705,0.35294117647058826
2025-09-20,11,0.5909090909090909,4,2,5,0.5605556792233903,0.3876499426075019,42,0.09523809523809523,0.3333333333333333
2025-09-21,9,0.3888888888888889,0,2,7,0.3871138498959196,0.42353603888627117,53,0.1509433962264151,0.3018867924528302
2025-09-22,40,0.4875,8,9,23,0.49532283996929294,0.4182489469360589,62,0.12903225806451613,0.2903225806451613
2025-09-23,34,0.4264705882352941,5,10,19,0.4332004253430859,0.4484740030275232,102,0.1568627450980392,0.2647058823529412
2025-09-24,41,0.5121951219512195,8,7,26,0.5102822916211514,0.44465560860641384,136,0.15441176470588236,0.27205882352941174
2025-09-25,36,0.4583333333333333,5,8,23,0.4535203650386897,0.459857269643726,177,0.1638418079096045,0.24858757062146894
2025-09-26,37,0.5675675675675675,9,4,24,0.5622942071423989,0.46699396496251944,196,0.1683673469387755,0.23469387755102042
2025-09-27,0,0.5,0,0,0,0.5,0.4915627785725289,208,0.1875,0.20192307692307693
2025-09-28,0,0.5,0,0,0,0.5,0.48771038310471426,197,0.17766497461928935,0.20304568527918782
2025-09-29,0,0.5,0,0,0,0.5,0.49252617458811404,188,0.18617021276595744,0.20212765957446807
2025-09-30,0,0.5,0,0,0,0.5,0.4917703190796873,148,0.18243243243243243,0.19594594594594594
2025-10-01,0,0.5,0,0,0,0.5,0.5092385330011299,114,0.19298245614035087,0.16666666666666666
2025-10-02,0,0.5,0,0,0,0.5,0.5086523124063231,73,0.1917808219178082,0.1643835616438356
2025-10-03,0,0.5,0,0,0,0.5,0.5622942071423989,37,0.24324324324324326,0.10810810810810811
2025-10-04,0,0.5,0,0,0,0.5,0.5,0,0.0,0.0
2025-10-05,0,0.5,0,0,0,0.5,0.5,0,0.0,0.0
2025-10-06,0,0.5,0,0,0,0.5,0.5,0,0.0,0.0
2025-10-07,0,0.5,0,0,0,0.5,0.5,0,0.0,0.0
2025-10-08,0,0.5,0,0,0,0.5,0.5,0,0.0,0.0
2025-10-09,0,0.5,0,0,0,0.5,0.5,0,0.0,0.0
2025-10-10,0,0.5,0,0,0,0.5,0.5,0,0.0,0.0
2025-10-11,0,0.5,0,0,0,0.5,0.5,0,0.0,0.0
2025-10-12,0,0.5,0,0,0,0.5,0.5,0,0.0,0.0
2025-10-13,0,0.5,0,0,0,0.5,0.5,0,0.0,0.0
2025-10-14,0,0.5,0,0,0,0.5,0.5,0,0.0,0.0
2025-10-15,0,0.5,0,0,0,0.5,0.5,0,0.0,0.0
2025-10-16,23,0.391304347826087,1,6,16,0.4107664988480717,0.5,0,0.0,0.0
2025-10-17,23,0.41304347826086957,2,6,15,0.4184265592633283,0.41076649884807176,23,0.043478260869565216,0.2608695652173913
2025-10-18,10,0.4,1,3,6,0.41211890453630007,0.41459652905570005,46,0.06521739130434782,0.2608695652173913
2025-10-19,9,0.4444444444444444,2,3,4,0.4525577416430307,0.41415409610580717,56,0.07142857142857142,0.26785714285714285
2025-10-20,41,0.4268292682926829,6,12,23,0.42672072216966606,0.4194715239494227,65,0.09230769230769231,0.27692307692307694
2025-10-21,38,0.4473684210526316,4,8,26,0.45106265634607196,0.4222754591100829,106,0.11320754716981132,0.2830188679245283
2025-10-22,24,0.5208333333333334,4,3,17,0.5170240077394879,0.4298720806029134,144,0.1111111111111111,0.2638888888888889
2025-10-23,33,0.42424242424242425,1,6,26,0.4247862685643592,0.4423223559081383,168,0.11904761904761904,0.24404761904761904
2025-10-24,34,0.4411764705882353,6,10,18,0.4532676713551117,0.4431487257398058,178,0.11235955056179775,0.2303370786516854
2025-10-25,7,0.7857142857142857,4,0,3,0.7903807320562751,0.44797758277620464,189,0.12698412698412698,0.23809523809523808
2025-10-26,8,0.375,1,3,4,0.3767080943985784,0.46279160872975056,186,0.14516129032258066,0.22580645161290322
2025-10-27,0,0.5,0,0,0,0.5,0.4595669421845133,185,0.14054054054054055,0.22702702702702704
2025-10-28,0,0.5,0,0,0,0.5,0.4689189909387406,144,0.1388888888888889,0.20833333333333334
2025-10-29,0,0.5,0,0,0,0.5,0.4753203184342255,106,0.1509433962264151,0.20754716981132076
2025-10-30,0,0.5,0,0,0,0.5,0.46311436058878297,82,0.14634146341463414,0.23170731707317074
2025-10-31,0,0.5,0,0,0,0.5,0.48892715725829294,49,0.22448979591836735,0.2653061224489796
2025-11-01,0,0.5,0,0,0,0.5,0.5697553253055035,15,0.3333333333333333,0.2
2025-11-02,0,0.5,0,0,0,0.5,0.3767080943985784,8,0.125,0.375
2025-11-03,0,0.5,0,0,0,0.5,0.5,0,0.0,0.0
2025-11-04,0,0.5,0,0,0,0.5,0.5,0,0.0,0.0
2025-11-05,0,0.5,0,0,0,0.5,0.5,0,0.0,0.0
2025-11-06,0,0.5,0,0,0,0.5,0.5,0,0.0,0.0
2025-11-07,0,0.5,0,0,0,0.5,0.5,0,0.0,0.0
2025-11-08,0,0.5,0,0,0,0.5,0.5,0,0.0,0.0
2025-11-09,0,0.5,0,0,0,0.5,0.5,0,0.0,0.0
2025-11-10,0,0.5,0,0,0,0.5,0.5,0,0.0,0.0
2025-11-11,0,0.5,0,0,0,0.5,0.5,0,0.0,0.0
2025-11-12,0,0.5,0,0,0,0.5,0.5,0,0.0,0.0
2025-11-13,0,0.5,0,0,0,0.5,0.5,0,0.0,0.0
2025-11-14,0,0.5,0,0,0,0.5,0.5,0,0.0,0.0
2025-11-15,0,0.5,0,0,0,0.5,0.5,0,0.0,0.0
2025-11-16,0,0.5,0,0,0,0.5,0.5,0,0.0,0.0
2025-11-17,12,0.5416666666666666,2,1,9,0.5317359015150643,0.5,0,0.0,0.0
2025-11-18,41,0.47560975609756095,7,9,25,0.45570230518547855,0.5317359015150643,12,0.16666666666666666,0.08333333333333333
2025-11-19,31,0.5645161290322581,10,6,15,0.5871088621333105,0.4729174590714225,53,0.16981132075471697,0.18867924528301888
2025-11-20,47,0.5,12,12,23,0.5019258921113005,0.5150595244871192,84,0.2261904761904762,0.19047619047619047
2025-11-21,40,0.4625,6,9,25,0.468997303481446,0.5103474579095354,131,0.2366412213740458,0.21374045801526717
2025-11-22,10,0.55,3,2,5,0.5769356343557012,0.5006749071661227,171,0.21637426900584794,0.21637426900584794
2025-11-23,8,0.4375,1,2,5,0.4568229560070368,0.5048882070108508,181,0.22099447513812154,0.2154696132596685
2025-11-24,32,0.5625,7,3,22,0.5723829005864276,0.5028536990318534,189,0.21693121693121692,0.21693121693121692
2025-11-25,28,0.5,7,7,14,0.5062995485735705,0.5118410101320823,209,0.22009569377990432,0.20574162679425836
2025-11-26,0,0.5,0,0,0,0.5,0.5227926732911253,196,0.23469387755102042,0.20918367346938777
2025-11-27,0,0.5,0,0,0,0.5,0.5107090256904723,165,0.21818181818181817,0.21212121212121213
2025-11-28,0,0.5,0,0,0,0.5,0.5142073924550576,118,0.2033898305084746,0.19491525423728814
2025-11-29,0,0.5,0,0,0,0.5,0.5373920534671662,78,0.23076923076923078,0.1794871794871795
2025-11-30,0,0.5,0,0,0,0.5,0.5315768209835582,68,0.22058823529411764,0.17647058823529413
2025-12-01,0,0.5,0,0,0,0.5,0.5415440029804277,60,0.23333333333333334,0.16666666666666666
2025-12-02,0,0.5,0,0,0,0.5,0.5062995485735705,28,0.25,0.25
2025-12-03,0,0.5,0,0,0,0.5,0.5,0,0.0,0.0
2025-12-04,0,0.5,0,0,0,0.5,0.5,0,0.0,0.0
2025-12-05,0,0.5,0,0,0,0.5,0.5,0,0.0,0.0
2025-12-06,0,0.5,0,0,0,0.5,0.5,0,0.0,0.0
2025-12-07,0,0.5,0,0,0,0.5,0.5,0,0.0,0.0
2025-12-08,0,0.5,0,0,0,0.5,0.5,0,0.0,0.0
2025-12-09,0,0.5,0,0,0,0.5,0.5,0,0.0,0.0
2025-12-10,0,0.5,0,0,0,0.5,0.5,0,0.0,0.0
2025-12-11,0,0.5,0,0,0,0.5,0.5,0,0.0,0.0
2025-12-12,0,0.5,0,0,0,0.5,0.5,0,0.0,0.0
2025-12-13,0,0.5,0,0,0,0.5,0.5,0,0.0,0.0
2025-12-14,0,0.5,0,0,0,0.5,0.5,0,0.0,0.0
2025-12-15,0,0.5,0,0,0,0.5,0.5,0,0.0,0.0
2025-12-16,0,0.5,0,0,0,0.5,0.5,0,0.0,0.0
2025-12-17,20,0.55,5,3,12,0.5702877460520965,0.5,0,0.0,0.0
2025-12-18,52,0.5384615384615384,14,10,28,0.5240785200175301,0.5702877460520965,20,0.25,0.15
2025-12-19,37,0.4594594594594595,8,11,18,0.45350863222990806,0.536914416138243,72,0.2638888888888889,0.18055555555555555
2025-12-20,10,0.65,4,1,5,0.6260264907386229,0.5086023610500927,109,0.24770642201834864,0.22018348623853212
2025-12-21,14,0.5,3,3,8,0.526696545339677,0.5184699349734986,119,0.2605042016806723,0.21008403361344538
2025-12-22,41,0.5121951219512195,10,9,22,0.4925902926731889,0.519335893959412,133,0.2556390977443609,0.21052631578947367
2025-12-23,42,0.44047619047619047,6,11,25,0.4536432785954439,0.5130337695184055,174,0.25287356321839083,0.21264367816091953
2025-12-24,27,0.5740740740740741,7,3,17,0.5816898163901396,0.5014856185056074,216,0.23148148148148148,0.2222222222222222
2025-12-25,6,0.6666666666666666,3,1,2,0.6319396345472837,0.5050258462722109,223,0.23318385650224216,0.21524663677130046
2025-12-26,0,0.5,0,0,0,0.5,0.5037306129100293,177,0.23163841807909605,0.22033898305084745
2025-12-27,0,0.5,0,0,0,0.5,0.5170035649469183,140,0.2357142857142857,0.2
2025-12-28,0,0.5,0,0,0,0.5,0.5086171860398642,130,0.2230769230769231,0.2076923076923077
2025-12-29,0,0.5,0,0,0,0.5,0.5064351944002315,116,0.22413793103448276,0.20689655172413793
2025-12-30,0,0.5,0,0,0,0.5,0.5140037406776815,75,0.21333333333333335,0.2
2025-12-31,0,0.5,0,0,0,0.5,0.5908261469641659,33,0.30303030303030304,0.12121212121212122
2026-01-01,0,0.5,0,0,0,0.5,0.6319396345472837,6,0.5,0.16666666666666666
2026-01-02,0,0.5,0,0,0,0.5,0.5,0,0.0,0.0
2026-01-03,0,0.5,0,0,0,0.5,0.5,0,0.0,0.0
2026-01-04,0,0.5,0,0,0,0.5,0.5,0,0.0,0.0
2026-01-05,0,0.5,0,0,0,0.5,0.5,0,0.0,0.0
2026-01-06,0,0.5,0,0,0,0.5,0.5,0,0.0,0.0
2026-01-07,0,0.5,0,0,0,0.5,0.5,0,0.0,0.0
2026-01-08,0,0.5,0,0,0,0.5,0.5,0,0.0,0.0
2026-01-09,0,0.5,0,0,0,0.5,0.5,0,0.0,0.0
2026-01-10,0,0.5,0,0,0,0.5,0.5,0,0.0,0.0
2026-01-11,0,0.5,0,0,0,0.5,0.5,0,0.0,0.0
2026-01-12,0,0.5,0,0,0,0.5,0.5,0,0.0,0.0
2026-01-13,0,0.5,0,0,0,0.5,0.5,0,0.0,0.0
2026-01-14,0,0.5,0,0,0,0.5,0.5,0,0.0,0.0
2026-01-15,0,0.5,0,0,0,0.5,0.5,0,0.0,0.0
2026-01-16,0,0.5,0,0,0,0.5,0.5,0,0.0,0.0
2026-01-17,0,0.5,0,0,0,0.5,0.5,0,0.0,0.0
2026-01-18,0,0.5,0,0,0,0.5,0.5,0,0.0,0.0
2026-01-19,13,0.5769230769230769,4,2,7,0.5767931875398195,0.5,0,0.0,0.0
2026-01-20,53,0.4811320754716981,12,14,27,0.4733239902015421,0.5767931875398195,13,0.3076923076923077,0.15384615384615385
2026-01-21,75,0.44666666666666666,9,17,49,0.4512173808105944,0.4937042866469604,66,0.24242424242424243,0.24242424242424243
2026-01-22,46,0.5108695652173914,13,12,21,0.5333575824637599,0.4711048686488933,141,0.1773049645390071,0.23404255319148937
2026-01-23,46,0.4673913043478261,8,11,27,0.4729605854464351,0.48641837044292463,187,0.20320855614973263,0.24064171122994651
2026-01-24,17,0.47058823529411764,2,3,12,0.47620896283299236,0.483761468683961,233,0.19742489270386265,0.24034334763948498
2026-01-25,0,0.5,0,0,0,0.5,0.48324789828609516,250,0.192,0.236
2026-01-26,0,0.5,0,0,0,0.5,0.48324789828609516,250,0.192,0.236
2026-01-27,0,0.5,0,0,0,0.5,0.4781167220823044,237,0.18565400843881857,0.24050632911392406
2026-01-28,0,0.5,0,0,0,0.5,0.47949723724361093,184,0.17391304347826086,0.23369565217391305
2026-01-29,0,0.5,0,0,0,0.5,0.4989558540553195,109,0.21100917431192662,0.23853211009174313
2026-01-30,0,0.5,0,0,0,0.5,0.47383713172534725,63,0.15873015873015872,0.2222222222222222
2026-01-31,0,0.5,0,0,0,0.5,0.47620896283299197,17,0.11764705882352941,0.17647058823529413
2026-02-01,0,0.5,0,0,0,0.5,0.5,0,0.0,0.0
2026-02-02,0,0.5,0,0,0,0.5,0.5,0,0.0,0.0
2026-02-03,0,0.5,0,0,0,0.5,0.5,0,0.0,0.0
2026-02-04,0,0.5,0,0,0,0.5,0.5,0,0.0,0.0
2026-02-05,0,0.5,0,0,0,0.5,0.5,0,0.0,0.0
2026-02-06,0,0.5,0,0,0,0.5,0.5,0,0.0,0.0
2026-02-07,0,0.5,0,0,0,0.5,0.5,0,0.0,0.0
2026-02-08,0,0.5,0,0,0,0.5,0.5,0,0.0,0.0
2026-02-09,0,0.5,0,0,0,0.5,0.5,0,0.0,0.0
2026-02-10,0,0.5,0,0,0,0.5,0.5,0,0.0,0.0
2026-02-11,0,0.5,0,0,0,0.5,0.5,0,0.0,0.0
2026-02-12,0,0.5,0,0,0,0.5,0.5,0,0.0,0.0
2026-02-13,0,0.5,0,0,0,0.5,0.5,0,0.0,0.0
2026-02-14,0,0.5,0,0,0,0.5,0.5,0,0.0,0.0
2026-02-15,0,0.5,0,0,0,0.5,0.5,0,0.0,0.0
2026-02-16,0,0.5,0,0,0,0.5,0.5,0,0.0,0.0
2026-02-17,0,0.5,0,0,0,0.5,0.5,0,0.0,0.0
2026-02-18,0,0.5,0,0,0,0.5,0.5,0,0.0,0.0
2026-02-19,54,0.37037037037037035,3,17,34,0.3549312879593807,0.5,0,0.0,0.0
2026-02-20,105,0.3761904761904762,6,32,67,0.3763582612747683,0.3549312879593806,54,0.05555555555555555,0.3148148148148148
2026-02-21,13,0.38461538461538464,0,3,10,0.37400793005592947,0.3690811759978442,159,0.05660377358490566,0.3081761006289308
2026-02-22,10,0.5,2,2,6,0.5358473198210689,0.3694535469440948,172,0.05232558139534884,0.3023255813953488
2026-02-23,67,0.40298507462686567,6,19,42,0.4048076413974451,0.3785960619373352,182,0.06043956043956044,0.2967032967032967
2026-02-24,0,0.5,0,0,0,0.5,0.38564897689246513,249,0.06827309236947791,0.2931726907630522
2026-02-25,0,0.5,0,0,0,0.5,0.38564897689246513,249,0.06827309236947791,0.2931726907630522
2026-02-26,0,0.5,0,0,0,0.5,0.38564897689246513,249,0.06827309236947791,0.2931726907630522
2026-02-27,0,0.5,0,0,0,0.5,0.39415541382778074,195,0.07179487179487179,0.28717948717948716
2026-02-28,0,0.5,0,0,0,0.5,0.41491875847296195,90,0.08888888888888889,0.26666666666666666
2026-03-01,0,0.5,0,0,0,0.5,0.42182578145246097,77,0.1038961038961039,0.2727272727272727
2026-03-02,0,0.5,0,0,0,0.5,0.40480764139744485,67,0.08955223880597014,0.2835820895522388
2026-03-03,0,0.5,0,0,0,0.5,0.5,0,0.0,0.0
2026-03-04,0,0.5,0,0,0,0.5,0.5,0,0.0,0.0
2026-03-05,0,0.5,0,0,0,0.5,0.5,0,0.0,0.0
2026-03-06,0,0.5,0,0,0,0.5,0.5,0,0.0,0.0
2026-03-07,0,0.5,0,0,0,0.5,0.5,0,0.0,0.0
2026-03-08,0,0.5,0,0,0,0.5,0.5,0,0.0,0.0
2026-03-09,0,0.5,0,0,0,0.5,0.5,0,0.0,0.0
2026-03-10,0,0.5,0,0,0,0.5,0.5,0,0.0,0.0
2026-03-11,0,0.5,0,0,0,0.5,0.5,0,0.0,0.0
2026-03-12,0,0.5,0,0,0,0.5,0.5,0,0.0,0.0
2026-03-13,0,0.5,0,0,0,0.5,0.5,0,0.0,0.0
2026-03-14,0,0.5,0,0,0,0.5,0.5,0,0.0,0.0
2026-03-15,0,0.5,0,0,0,0.5,0.5,0,0.0,0.0
2026-03-16,0,0.5,0,0,0,0.5,0.5,0,0.0,0.0
2026-03-17,0,0.5,0,0,0,0.5,0.5,0,0.0,0.0
2026-03-18,0,0.5,0,0,0,0.5,0.5,0,0.0,0.0
2026-03-19,0,0.5,0,0,0,0.5,0.5,0,0.0,0.0
2026-03-20,0,0.5,0,0,0,0.5,0.5,0,0.0,0.0
2026-03-21,0,0.5,0,0,0,0.5,0.5,0,0.0,0.0
2026-03-22,0,0.5,0,0,0,0.5,0.5,0,0.0,0.0
2026-03-23,94,0.4148936170212766,9,25,60,0.4136802737391427,0.5,0,0.0,0.0
2026-03-24,88,0.38636363636363635,12,32,44,0.38998835874194,0.4136802737391425,94,0.09574468085106383,0.26595744680851063
2026-03-25,68,0.4338235294117647,12,21,35,0.4236130179160888,0.4022248423119237,182,0.11538461538461539,0.3131868131868132
2026-03-26,0,0.5,0,0,0,0.5,0.4080424260762566,250,0.132,0.312
2026-03-27,0,0.5,0,0,0,0.5,0.4080424260762566,250,0.132,0.312
2026-03-28,0,0.5,0,0,0,0.5,0.4080424260762566,250,0.132,0.312
2026-03-29,0,0.5,0,0,0,0.5,0.4080424260762566,250,0.132,0.312
2026-03-30,0,0.5,0,0,0,0.5,0.4080424260762566,250,0.132,0.312
2026-03-31,0,0.5,0,0,0,0.5,0.4046452614588766,156,0.15384615384615385,0.33974358974358976
2026-04-01,0,0.5,0,0,0,0.5,0.4236130179160886,68,0.17647058823529413,0.3088235294117647
2026-04-02,0,0.5,0,0,0,0.5,0.5,0,0.0,0.0
2026-04-03,0,0.5,0,0,0,0.5,0.5,0,0.0,0.0
2026-04-04,0,0.5,0,0,0,0.5,0.5,0,0.0,0.0
2026-04-05,0,0.5,0,0,0,0.5,0.5,0,0.0,0.0
2026-04-06,0,0.5,0,0,0,0.5,0.5,0,0.0,0.0
2026-04-07,0,0.5,0,0,0,0.5,0.5,0,0.0,0.0
2026-04-08,0,0.5,0,0,0,0.5,0.5,0,0.0,0.0
2026-04-09,0,0.5,0,0,0,0.5,0.5,0,0.0,0.0
2026-04-10,0,0.5,0,0,0,0.5,0.5,0,0.0,0.0
2026-04-11,0,0.5,0,0,0,0.5,0.5,0,0.0,0.0
2026-04-12,0,0.5,0,0,0,0.5,0.5,0,0.0,0.0
2026-04-13,0,0.5,0,0,0,0.5,0.5,0,0.0,0.0
2026-04-14,0,0.5,0,0,0,0.5,0.5,0,0.0,0.0
2026-04-15,0,0.5,0,0,0,0.5,0.5,0,0.0,0.0
2026-04-16,0,0.5,0,0,0,0.5,0.5,0,0.0,0.0
2026-04-17,74,0.4797297297297297,11,14,49,0.48704183955444524,0.5,0,0.0,0.0
2026-04-18,22,0.6590909090909091,10,3,9,0.6468371008261238,0.4870418395544451,74,0.14864864864864866,0.1891891891891892
2026-04-19,8,0.5625,2,1,5,0.565504476338534,0.5236615869292048,96,0.21875,0.17708333333333334
2026-04-20,63,0.5158730158730159,15,13,35,0.5135779938860764,0.5268802707299224,104,0.22115384615384615,0.17307692307692307
2026-04-21,83,0.5180722891566265,18,15,50,0.5180433526754454,0.5218620465313457,167,0.2275449101796407,0.18562874251497005
