Date,Adj Close,Close,High,Low,Open,Volume,date,ticker,daily_return,volume_change,close_to_open,high_low_spread,return_streak,ma_5,ma_10,ma_ratio_5,ma_ratio_10,volatility_5,volatility_10,rsi_14,next_open,target_next_day_up,ticker_sentiment_7d_prior,spy_sentiment_7d_prior,ticker_article_count_7d_prior,spy_article_count_7d_prior,ticker_positive_share_7d_prior,ticker_negative_share_7d_prior,spy_positive_share_7d_prior,spy_negative_share_7d_prior
2025-04-28,209.2281036376953,210.13999938964844,211.5,207.4600067138672,210.0,38743100,2025-04-28,AAPL,0.0041093301575299,0.01362555366893159,0.0006666637602306548,0.019238063267299106,5.0,206.4260009765625,202.12000122070313,1.017991911849843,1.0396793890783127,0.012968615120818022,0.02193675988017627,66.34001224041285,208.69000244140625,0,0.5391893413397109,0.4429807498151211,8,9,0.375,0.25,0.1111111111111111,0.2222222222222222
2025-04-29,210.29345703125,211.2100067138672,212.24000549316406,208.3699951171875,208.69000244140625,36827600,2025-04-29,AAPL,0.005091878401668248,-0.04944106176325591,0.012075347371604336,0.01854430174278781,6.0,208.72000122070312,202.98900146484374,1.0119298844317806,1.0404997570789434,0.009472445465817896,0.021210706943019297,74.30756008948354,209.3000030517578,0,0.4543301658390754,0.4506739955681164,52,32,0.2115384615384615,0.3269230769230769,0.1875,0.28125
2025-04-30,211.57785034179688,212.5,213.5800018310547,206.6699981689453,209.3000030517578,52286500,2025-04-30,AAPL,0.006107633374967891,0.4197639813618048,0.015289043963610742,0.03301482829123801,7.0,210.3,204.0250015258789,1.0104612458392772,1.0415390192904672,0.006090085657611108,0.021097589450577433,62.48855939704183,209.0800018310547,0,0.4276780124988528,0.3698044048045953,92,59,0.1847826086956521,0.3369565217391304,0.1525423728813559,0.4067796610169492
2025-05-01,212.39430236816406,213.32000732421875,214.55999755859375,208.89999389648438,209.0800018310547,57365700,2025-05-01,AAPL,0.0038588579963234615,0.09714170961911783,0.020279345016412247,0.027070994894494466,8.0,211.29000244140624,205.93000183105468,1.0096076712544668,1.0358860070288682,0.0009085551779160039,0.014437037984097073,74.34099960004062,206.08999633789062,0,0.4276780124988528,0.3698044048045953,92,59,0.1847826086956521,0.3369565217391304,0.1525423728813559,0.4067796610169492
2025-05-02,204.45889282226562,205.35000610351562,206.99000549316406,202.16000366210938,206.08999633789062,101010600,2025-05-02,AAPL,-0.0373617145464924,0.7608187470910317,-0.003590616951449522,0.02343637205532168,-1.0,210.50400390625,206.76700286865236,0.9755159155783575,0.9931468912085704,0.018872606277114175,0.020515338382959648,57.614226303855176,203.10000610351562,0,0.4276780124988528,0.3698044048045953,92,59,0.1847826086956521,0.3369565217391304,0.1525423728813559,0.4067796610169492
2025-05-05,198.02691650390625,198.88999938964844,204.10000610351562,198.2100067138672,203.10000610351562,69018500,2025-05-05,AAPL,-0.03145851727226512,-0.31672022540208655,-0.020728737505411196,0.02900048849159775,-2.0,208.25400390625,207.34000244140626,0.955035656741481,0.9592456691798016,0.02171168842370902,0.022341124789421157,46.32367303845574,198.2100067138672,0,0.4170578859425806,0.3566326627027008,84,50,0.1666666666666666,0.3452380952380952,0.16,0.44
2025-05-06,197.64854431152344,198.50999450683594,200.64999389648438,197.02000427246094,198.2100067138672,51216500,2025-05-06,AAPL,-0.0019106284075551816,-0.25793084462861404,0.0015134846012179778,0.018313856521197908,-3.0,205.71400146484376,207.21700134277344,0.9649804733430408,0.9579812139953972,0.020633218300496203,0.019530172148685025,46.32367303845574,199.1699981689453,1,0.3930302131565634,0.2739589638996816,40,27,0.15,0.35,0.1111111111111111,0.5555555555555556
2025-05-27,199.60260009765625,200.2100067138672,200.74000549316406,197.42999267578125,198.3000030517578,56288500,2025-05-27,AAPL,0.025298316860348224,-0.2823356015141605,0.009631889221962592,0.016691945367841843,1.0,201.1580017089844,206.25399932861328,0.9952873115309195,0.970696361600647,0.021511132065211144,0.015628480923365114,52.046236285816306,200.58999633789062,1,0.3122851495306608,0.4075400831233261,99,118,0.1414141414141414,0.4848484848484848,0.211864406779661,0.3728813559322034
2025-05-28,199.81195068359375,200.4199981689453,202.72999572753906,199.89999389648438,200.58999633789062,45339700,2025-05-28,AAPL,0.0010488559414427723,-0.1945122005382982,-0.0008474907624952209,0.014108389664096683,2.0,199.87000122070313,205.00299987792968,1.0027517733771105,0.9776442212469411,0.021872971795130702,0.014893991533724641,55.279818702750944,203.5800018310547,1,0.382255684008456,0.4212175453620908,153,111,0.1895424836601307,0.4052287581699346,0.2072072072072072,0.3423423423423423
2025-05-29,199.3433837890625,199.9499969482422,203.80999755859375,198.50999450683594,203.5800018310547,51396800,2025-05-29,AAPL,-0.0023450814539321962,0.13359373793827478,-0.01783085200001589,0.026034006307535728,-1.0,199.44200134277344,203.76499938964844,1.002547084375651,0.9812774399291655,0.01971642325508157,0.014905734842758336,53.17664426187128,199.3699951171875,0,0.3953606667846337,0.4128873091847923,191,117,0.193717277486911,0.3821989528795811,0.2222222222222222,0.376068376068376
2025-05-30,200.24066162109375,200.85000610351562,201.9600067138672,196.77999877929688,199.3699951171875,70819900,2025-05-30,AAPL,0.0045011711378339925,0.3779048501073996,0.007423438945555427,0.025981883239378927,1.0,199.34000244140626,202.7050003051758,1.0075750157701198,0.9908487989991986,0.019880754088646327,0.015264590279646786,53.00674978187597,200.27999877929688,0,0.4076797464375762,0.4405009668355,233,124,0.2060085836909871,0.3690987124463519,0.2338709677419354,0.3387096774193548
2025-06-02,201.08807373046875,201.6999969482422,202.1300048828125,200.1199951171875,200.27999877929688,35423300,2025-06-02,AAPL,0.0042319682295079986,-0.4998114936620921,0.007090064797284685,0.010035998491491786,2.0,200.6260009765625,201.7490005493164,1.0053532242403873,0.9997571061024303,0.010844991614683165,0.015503037102609018,33.271987384112876,201.35000610351562,0,0.4721697758219257,0.4653646906615551,148,84,0.25,0.2905405405405405,0.2857142857142857,0.3571428571428571
2025-06-03,202.6533203125,203.27000427246094,203.77000427246094,200.9600067138672,201.35000610351562,46381600,2025-06-03,AAPL,0.0077838738124602624,0.3093528835540449,0.009535625084402661,0.013955785812835327,3.0,201.23800048828124,201.1980010986328,1.0100975152766836,1.010298328822921,0.003841348025261422,0.01571950071270761,31.842120811790807,202.91000366210938,0,0.4781578441523869,0.4701742160674797,134,75,0.2537313432835821,0.2835820895522388,0.2933333333333333,0.36
2025-06-04,202.20468139648438,202.82000732421875,206.24000549316406,202.10000610351562,202.91000366210938,43604000,2025-06-04,AAPL,-0.00221378923984783,-0.05988581678941651,-0.00044352834392773,0.020403131018332955,-1.0,201.71800231933594,200.79400177001952,1.0054630969581895,1.0100899704988187,0.00448775065363396,0.015546055247892153,32.02269261987958,203.5,1,0.4563032658332686,0.457951163604196,80,52,0.2375,0.3,0.2884615384615384,0.3846153846153846
2025-06-05,200.02133178710938,200.6300048828125,204.75,200.14999389648438,203.5,55126100,2025-06-05,AAPL,-0.010797763348392997,0.2642441060453169,-0.014103170109029483,0.02260445259712838,-2.0,201.85400390625,200.64800262451172,0.9939362162763639,0.999910301914478,0.00737891749463454,0.014105128400109461,30.511537812507044,203.0,1,0.4637022277164339,0.5368961750632254,42,24,0.2619047619047619,0.3095238095238095,0.3333333333333333,0.2916666666666667
2025-06-23,200.888671875,201.5,202.3000030517578,198.9600067138672,201.6300048828125,55814300,2025-06-23,AAPL,0.0024875621890547706,-0.4234863939429935,-0.0006447695266786256,0.016564976724728214,3.0,198.62799987792968,199.16899871826172,1.0144591906671534,1.0117036350874848,0.013215690683803152,0.01319131275025288,49.65350494800327,202.58999633789062,1,0.4611739142338421,0.4295592813526923,25,91,0.24,0.32,0.1758241758241758,0.2967032967032967
2025-06-24,199.6923065185547,200.3000030517578,203.44000244140625,200.1999969482422,202.58999633789062,54064000,2025-06-24,AAPL,-0.005955319842392948,-0.031359346977387514,-0.011303585209180008,0.01599291945175913,-1.0,199.00400085449218,199.0539993286133,1.006512442924267,1.006259626670889,0.013668758829046591,0.01275750332127476,44.78764085864861,201.4499969482422,1,0.4376787849207788,0.4464353862123279,52,131,0.2115384615384615,0.3269230769230769,0.1908396946564885,0.2900763358778626
2025-06-25,200.94850158691406,201.55999755859375,203.6699981689453,200.6199951171875,201.4499969482422,39525700,2025-06-25,AAPL,0.0062905366332437485,-0.26890907073098547,0.0005460442393544665,0.015140248686831396,1.0,200.18800048828126,198.94299926757813,1.006853543004406,1.0131545131050113,0.010350305841994195,0.01277109608925527,47.84981179083056,201.42999267578125,0,0.4601229277538287,0.4763619311704064,76,152,0.2236842105263158,0.3026315789473684,0.2302631578947368,0.2763157894736842
2025-06-26,200.39019775390625,201.0,202.63999938964844,199.4600067138672,201.42999267578125,50799100,2025-06-26,AAPL,-0.002778316954637594,0.2852169601044383,-0.0021347003495818017,0.015787086290072597,-1.0,201.0720001220703,199.16499938964844,0.9996419187056049,1.009213469314262,0.01110162958235989,0.011034777718967652,50.66858573492595,201.88999938964844,1,0.4748597367298441,0.5045895419305948,118,150,0.2627118644067797,0.3050847457627119,0.2866666666666667,0.2866666666666667
2025-06-27,200.46995544433594,201.0800018310547,203.22000122070312,200.0,201.88999938964844,73188600,2025-06-27,AAPL,0.00039801905997349785,0.4407459974684591,-0.004012073708665736,0.015949285405110685,1.0,201.08800048828124,199.35299987792968,0.9999602231002988,1.0086630346881287,0.004718658643464095,0.01103174993303786,44.194608892021876,202.00999450683594,1,0.4926751941385596,0.5457323088406572,172,159,0.2790697674418604,0.2906976744186046,0.3459119496855345,0.2641509433962264
2025-06-30,204.54754638671875,205.1699981689453,207.38999938964844,199.25999450683594,202.00999450683594,91912800,2025-06-30,AAPL,0.020340144721736175,0.2558349251112879,0.015642808514617537,0.040245557664907436,2.0,201.8220001220703,200.225,1.0165888656581046,1.0246972064874282,0.010364528047338917,0.011224651786314389,57.1319078527807,206.6699981689453,1,0.4809152510443682,0.5893720757618806,203,159,0.2758620689655172,0.3103448275862069,0.3710691823899371,0.2138364779874214
2025-07-01,207.18951416015625,207.82000732421875,210.19000244140625,206.13999938964844,206.6699981689453,78788900,2025-07-01,AAPL,0.012916163079025322,-0.14278642365372396,0.005564470728515449,0.01959647306159591,3.0,203.3260009765625,201.16500091552734,1.0221024675942663,1.03308232733529,0.009377188212087407,0.011420742439603098,59.360251151620034,208.91000366210938,1,0.4908854943293881,0.6245127651715887,176,119,0.2897727272727273,0.3068181818181818,0.4201680672268907,0.1932773109243697
2025-07-02,211.79550170898438,212.44000244140625,213.33999633789062,208.13999938964844,208.91000366210938,67941800,2025-07-02,AAPL,0.022230752354752248,-0.137672946316042,0.016897222332188017,0.024891086386904918,4.0,205.502001953125,202.84500122070312,1.0337612306563506,1.0473021329732617,0.011386032352732731,0.010540704794013025,74.18556725540542,212.14999389648438,0,0.4880644822931699,0.6335592984319186,152,94,0.2960526315789473,0.3157894736842105,0.425531914893617,0.1808510638297872
2025-07-03,212.90213012695312,213.5500030517578,214.64999389648438,211.80999755859375,212.14999389648438,34955800,2025-07-03,AAPL,0.005225007520218483,-0.48550376940263573,0.00659914775183332,0.013386737777972134,5.0,208.01200256347656,204.54200134277343,1.0266234660501925,1.044039862961391,0.009425042292117368,0.010525951613879536,74.8012612107032,212.67999267578125,0,0.4829244989430108,0.6422626120455343,110,68,0.2818181818181818,0.3181818181818182,0.3970588235294117,0.1323529411764706
2025-07-17,209.38284301757812,210.02000427246094,211.8000030517578,209.58999633789062,210.57000732421875,48068100,2025-07-17,AAPL,-0.0006661562010320532,0.012162432486497288,-0.002611972420701691,0.010495353739834358,-1.0,209.81400146484376,210.61300048828124,1.000981835369322,0.9971844272934457,0.006807469585796929,0.007991277782576184,68.72921959129566,210.8699951171875,1,0.0,1.0,1,1,0.0,1.0,1.0,0.0
2025-07-18,210.53929138183594,211.17999267578125,211.7899932861328,209.6999969482422,210.8699951171875,48974600,2025-07-18,AAPL,0.005523228167424676,0.01885866094145605,0.001470088517911114,0.009911302633307997,1.0,209.81799926757813,210.3759994506836,1.0064913087197356,1.0038216965205013,0.007182705368716034,0.008018082589991404,70.07150884202495,212.10000610351562,1,0.0,0.4297816629248948,1,28,0.0,1.0,0.1785714285714285,0.3571428571428571
2025-07-21,211.83535766601562,212.47999572753906,215.77999877929688,211.6300048828125,212.10000610351562,51377400,2025-07-21,AAPL,0.006155900638530998,0.04906216691917842,0.001791558760436731,0.01956621299887642,2.0,210.58999938964843,210.62899932861328,1.0089747677637513,1.0087879466019678,0.0028278866430618737,0.006049324478034803,66.33882248939662,213.13999938964844,1,0.0,0.516248373854026,1,66,0.0,1.0,0.2878787878787879,0.2727272727272727
2025-07-22,213.74952697753906,214.39999389648438,214.9499969482422,212.22999572753906,213.13999938964844,46404100,2025-07-22,AAPL,0.00903613614246912,-0.09679937092963053,0.005911581638566579,0.012761570932214365,3.0,211.647998046875,211.06799926757813,1.0130027020099661,1.0157863562476004,0.003535712700411378,0.006514916627695493,65.20328585530955,215.0,1,0.0,0.497736309119189,1,99,0.0,1.0,0.2525252525252525,0.2626262626262626
2025-07-23,213.5002899169922,214.14999389648438,215.14999389648438,212.41000366210938,215.0,46989300,2025-07-23,AAPL,-0.0011660448093142595,0.012610954635474014,-0.0039535167605377905,0.012744140625,-1.0,212.44599609375,211.3689987182617,1.0080208515767104,1.0131570627437636,0.00448726872077309,0.006476331551734326,54.950751364188974,213.89999389648438,0,0.6254731554235627,0.5216047693121684,30,129,0.4333333333333333,0.2,0.2635658914728682,0.2248062015503876
2025-07-24,213.11148071289062,213.75999450683594,215.69000244140625,213.52999877929688,213.89999389648438,46022600,2025-07-24,AAPL,-0.0018211505989440546,-0.02057276869414948,-0.0006545086191829878,0.01009819412689977,-2.0,213.193994140625,211.50399780273438,1.0026548607454562,1.0106664494644952,0.004792501396016786,0.006333145260352433,50.634414570237375,214.6999969482422,1,0.6011844028445634,0.5230082726334814,77,152,0.3636363636363636,0.1948051948051948,0.2565789473684211,0.2105263157894736
2025-07-25,213.2311248779297,213.8800048828125,215.24000549316406,213.39999389648438,214.6999969482422,40268800,2025-07-25,AAPL,0.0005614258002459849,-0.1250211852437716,-0.003819245817816026,0.008570151946128158,1.0,213.73399658203124,211.7759979248047,1.0006831309156061,1.0099350586403795,0.00479434047812665,0.0059076516991295675,65.0344343692247,214.02999877929688,1,0.597261861457479,0.5506565431356915,114,145,0.3596491228070175,0.175438596491228,0.2758620689655172,0.1655172413793103
2025-07-28,213.40060424804688,214.0500030517578,214.85000610351562,213.05999755859375,214.02999877929688,37858000,2025-07-28,AAPL,0.0007948296477664485,-0.059867689129052715,9.346480668612008e-05,0.00836335352581903,2.0,214.047998046875,212.31899871826172,1.0000093670807535,1.008152847102454,0.0043677103093410245,0.003656754775107119,65.32625734284517,214.17999267578125,1,0.5719756420029117,0.5109705885672658,186,149,0.3225806451612903,0.1827956989247312,0.2147651006711409,0.1879194630872483
2025-07-29,210.62904357910156,211.27000427246094,214.80999755859375,210.82000732421875,214.17999267578125,51411700,2025-07-29,AAPL,-0.012987613826964783,0.3580141581700036,-0.013586649093434973,0.018629145442239873,-1.0,213.4220001220703,212.53499908447264,0.9899167103279958,0.9940480635308967,0.005734999848560478,0.006138107627445291,50.4383166992489,211.89999389648438,1,0.5572401087343313,0.5447115666878162,245,151,0.3224489795918367,0.2081632653061224,0.2450331125827814,0.1589403973509933
2025-07-30,208.415771484375,209.0500030517578,212.38999938964844,207.72000122070312,211.89999389648438,45512500,2025-07-30,AAPL,-0.010507886476113892,-0.11474430917475986,-0.013449697625375187,0.022038689492490788,-2.0,212.402001953125,212.4239990234375,0.9842186096621305,0.9841166912063104,0.006491094354053992,0.006933299256413237,39.35361970451352,208.49000549316406,0,0.5477192184986245,0.5309117845569443,215,121,0.3069767441860465,0.2093023255813953,0.2314049586776859,0.1735537190082644
2025-07-31,206.9402618408203,207.57000732421875,209.83999633789062,207.16000366210938,208.49000549316406,80698400,2025-07-31,AAPL,-0.007079625476841711,0.77310409228234,-0.004412672764668699,0.012854298072667667,-3.0,211.16400451660155,212.1789993286133,0.9829800670781452,0.9782778125121783,0.006312950269271489,0.007239453319352187,38.78827561492597,210.8699951171875,1,0.5370989739338081,0.5260833374471217,168,97,0.3035714285714285,0.2142857142857142,0.2268041237113402,0.1855670103092783
2025-08-01,201.76602172851562,202.3800048828125,213.5800018310547,201.5,210.8699951171875,104434500,2025-08-01,AAPL,-0.025003624118486445,0.29413346485184344,-0.04026172727730576,0.05728648983152595,-4.0,208.86400451660157,211.29900054931642,0.968955878018351,0.9577896930732417,0.009417699793837945,0.010016751869881603,33.279772213963184,204.50999450683594,1,0.5224120185783095,0.5149124137154241,131,77,0.2900763358778626,0.2366412213740458,0.2207792207792207,0.2077922077922078
2025-08-04,202.7330780029297,203.35000610351562,207.8800048828125,201.67999267578125,204.50999450683594,75109300,2025-08-04,AAPL,0.004792969647692269,-0.28079992722711367,-0.005672037721762976,0.030316426451343966,1.0,206.72400512695313,210.38600158691406,0.9836787265157452,0.9665567317676707,0.010741619640132058,0.009868333852278739,34.95299192655372,203.39999389648438,1,0.5107857157181281,0.6091523086220467,59,35,0.3220338983050847,0.288135593220339,0.3142857142857143,0.1142857142857142
2025-08-22,227.3267059326172,227.75999450683594,229.08999633789062,225.41000366210938,226.1699981689453,42477800,2025-08-22,AAPL,0.012716766064777785,0.38720233041161034,0.007030093959247962,0.016270914381103525,1.0,228.02399597167968,229.46499633789062,0.9988422206894553,0.9925696648366182,0.011541252454957183,0.010947133422324194,76.26421746986745,226.47999572753906,0,0.4719302864267912,0.438386795834623,25,111,0.28,0.24,0.1711711711711711,0.2792792792792792
2025-08-25,226.7278594970703,227.16000366210938,229.3000030517578,226.22999572753906,226.47999572753906,30983100,2025-08-25,AAPL,-0.0026343118159346535,-0.2706048806670779,0.003002507715464542,0.01355531341457655,-1.0,227.2779968261719,229.46299743652344,0.9994808421153379,0.9899635505500134,0.011544691040029713,0.010541314785856595,75.98626709864978,226.8699951171875,0,0.5067305838341991,0.4259659748004096,100,156,0.27,0.23,0.141025641025641,0.2756410256410256
2025-08-26,228.87376403808594,229.30999755859375,229.49000549316406,224.69000244140625,226.8699951171875,54575100,2025-08-26,AAPL,0.009464667467088184,0.7614473696950919,0.010755068955442478,0.021157504981116685,1.0,227.0279968261719,229.4289978027344,1.0100516269549307,0.9994813199496126,0.012909399364089542,0.010388892044644599,70.87882005113238,228.61000061035156,0,0.4594270802343355,0.4337872230109123,132,150,0.25,0.3106060606060606,0.1266666666666666,0.24
2025-08-27,230.05152893066406,230.49000549316406,230.89999389648438,228.25999450683594,228.61000061035156,31259500,2025-08-27,AAPL,0.00514590705653295,-0.42722047233994986,0.00822363360217485,0.01154804856567984,2.0,227.9239990234375,229.1449981689453,1.011258167111497,1.0058696778675793,0.007592321088718241,0.008988016512958571,65.91600244251839,230.82000732421875,1,0.4475636563843664,0.4246742907807083,185,161,0.2486486486486486,0.3297297297297297,0.124223602484472,0.2608695652173913
2025-08-28,232.11758422851562,232.55999755859375,233.41000366210938,229.33999633789062,230.82000732421875,38074700,2025-08-28,AAPL,0.008980832210059075,0.21802012188294762,0.007538299017255216,0.017632818625215013,3.0,229.45599975585938,229.122998046875,1.0135276384406466,1.015000674489322,0.0058861190966130105,0.009523242927051057,56.26706260449076,232.50999450683594,0,0.4713900424340649,0.4510947297673456,225,164,0.2622222222222222,0.2977777777777777,0.1402439024390244,0.2317073170731707
2025-08-29,231.69837951660156,232.13999938964844,233.3800048828125,231.3699951171875,232.50999450683594,39418400,2025-08-29,AAPL,-0.00180597769760249,0.03529115134196714,-0.0015913084423414836,0.008644831676540702,-1.0,230.33200073242188,229.1779983520508,1.0078495330717285,1.0129244563566158,0.005778488836065474,0.009384492994277661,60.393978598046026,229.25,0,0.4713225119349741,0.4462209167197988,200,139,0.26,0.305,0.1294964028776978,0.2302158273381295
2025-09-02,229.28298950195312,229.72000122070312,230.85000610351562,226.97000122070312,229.25,44075600,2025-09-02,AAPL,-0.010424735828844955,0.11814787003023963,0.0020501689016494003,0.016924775933751364,-2.0,230.84400024414063,229.06099853515624,0.9951309151537455,1.0028769746476318,0.008408912524784692,0.009948642807882642,50.14701245568479,237.2100067138672,1,0.4883697307175518,0.429095752329021,93,53,0.2795698924731182,0.2795698924731182,0.1509433962264151,0.2830188679245283
2025-09-03,238.01634216308594,238.47000122070312,238.85000610351562,234.36000061035156,237.2100067138672,66427800,2025-09-03,AAPL,0.038089848308826335,0.5071331984136347,0.005311725775362405,0.018928398322504574,1.0,232.6760009765625,229.85199890136718,1.0249015808240758,1.0374937018626236,0.018372090917084704,0.015705651911858236,58.898894107241645,238.4499969482422,0,0.5815870779139207,0.536347672027856,40,23,0.325,0.15,0.217391304347826,0.1304347826086956
2025-09-22,255.5928192138672,256.0799865722656,256.6400146484375,248.1199951171875,248.3000030517578,105517400,2025-09-22,AAPL,0.04309566831880085,-0.35558469366006007,0.03133299808653681,0.03431340888656378,2.0,243.31999816894532,237.85399932861327,1.0524411823908555,1.0766267848978726,0.02043582551687671,0.021794732164559513,74.15687915239884,255.8800048828125,0,0.434360721093146,0.4182489469360589,12,62,0.1666666666666666,0.3333333333333333,0.1290322580645161,0.2903225806451613
2025-09-23,253.9459686279297,254.42999267578125,257.3399963378906,253.5800018310547,255.8800048828125,60275200,2025-09-23,AAPL,-0.006443275472520216,-0.4287653031632698,-0.005666766372367877,0.014694366246233008,-1.0,246.57599792480468,239.86199798583985,1.0318522273744248,1.060734900952511,0.022615189895919152,0.020980209516000152,66.8141533170993,255.22000122070312,1,0.5562404551196118,0.4484740030275232,23,102,0.3478260869565217,0.2608695652173913,0.1568627450980392,0.2647058823529412
2025-09-24,251.8300018310547,252.30999755859375,255.74000549316406,251.0399932861328,255.22000122070312,42303700,2025-09-24,AAPL,-0.008332331793480807,-0.29815745115735826,-0.011401942042908035,0.018415532421249714,-2.0,249.23999633789063,242.41399841308595,1.012317450111583,1.0408227215024295,0.024470261383442996,0.016761601139283742,62.97907772026622,253.2100067138672,1,0.4861710552985586,0.4446556086064138,71,136,0.2957746478873239,0.3098591549295774,0.1544117647058823,0.2720588235294117
2025-09-25,256.3813171386719,256.8699951171875,257.1700134277344,251.7100067138672,253.2100067138672,55202100,2025-09-25,AAPL,0.018072995928489766,0.30490004420417116,0.014454359252303085,0.021563155361537956,1.0,253.03799438476562,245.097998046875,1.0151439737014158,1.048029756114373,0.02286260645305674,0.016890269776447028,66.28744392958157,254.10000610351562,0,0.4852389980488372,0.459857269643726,120,177,0.325,0.325,0.1638418079096045,0.2485875706214689
2025-09-26,254.97401428222656,255.4600067138672,257.6000061035156,253.77999877929688,254.10000610351562,46076300,2025-09-26,AAPL,-0.005489112898051984,-0.1653161745658227,0.005352225807493777,0.015033479860140381,-1.0,255.02999572753907,247.23699798583985,1.0016861192547228,1.0332596205059015,0.022306485568671253,0.01749128843320531,66.79404679616331,254.55999755859375,0,0.46580719495601,0.4669939649625194,182,196,0.3131868131868132,0.3461538461538461,0.1683673469387755,0.2346938775510204
2025-09-29,253.9459686279297,254.42999267578125,255.0,253.00999450683594,254.55999755859375,40127700,2025-09-29,AAPL,-0.004031997224675621,-0.12910324830769837,-0.0005107042899879661,0.007817432087718377,-2.0,254.6999969482422,249.00999755859374,0.9989399125414368,1.021766174733254,0.010911200140532807,0.017927413917444384,70.14445028861279,254.86000061035156,1,0.5241567863765247,0.492526174588114,224,188,0.3705357142857143,0.2946428571428571,0.1861702127659574,0.202127659574468
2025-09-30,254.14559936523438,254.6300048828125,255.9199981689453,253.11000061035156,254.86000061035156,37704300,2025-09-30,AAPL,0.0007861188255666729,-0.06039219790817818,-0.0009024394843767447,0.011025651541490333,1.0,254.73999938964843,250.65799865722656,0.9995682087340053,1.0158463174798489,0.01052216712720997,0.018048409747058798,82.76837852720342,255.0399932861328,1,0.515633419407081,0.4917703190796873,213,148,0.3615023474178404,0.3004694835680751,0.1824324324324324,0.1959459459459459
2025-10-01,254.9640350341797,255.4499969482422,258.7900085449219,254.92999267578125,255.0399932861328,48713900,2025-10-01,AAPL,0.003220327729275496,0.2919985253671331,0.0016076053674036383,0.01513494342359875,2.0,255.3679992675781,252.3039978027344,1.0003210961471258,1.0124690816352722,0.009387048191717649,0.018054961533925273,81.7274206197905,256.5799865722656,1,0.5339715386379492,0.5092385330011299,165,114,0.3878787878787879,0.2909090909090909,0.1929824561403508,0.1666666666666666
2025-10-02,256.6408386230469,257.1300048828125,258.17999267578125,254.14999389648438,256.5799865722656,42630200,2025-10-02,AAPL,0.00657666061710982,-0.12488632607941474,0.0021436524254862823,0.01570659829371309,3.0,255.4200012207031,254.22899780273437,1.0066948698376672,1.011410999945526,0.005010058703381692,0.01760592275422667,80.58356599287815,254.6699981689453,0,0.5551273192724036,0.5086523124063231,116,73,0.396551724137931,0.2672413793103448,0.1917808219178082,0.1643835616438356
2025-10-03,257.5291442871094,258.0199890136719,259.239990234375,253.9499969482422,254.6699981689453,49155600,2025-10-03,AAPL,0.0034612223931820285,0.15306988942111466,0.013154242230387166,0.02077195321069382,4.0,255.93199768066407,255.48099670410156,1.008158383289037,1.0099380867552783,0.0039505904830854305,0.015449469685138873,79.6440575336502,257.989990234375,0,0.7008618392493609,0.5622942071423989,54,37,0.5185185185185185,0.1296296296296296,0.2432432432432432,0.1081081081081081
2025-10-17,251.81002807617188,252.2899932861328,253.3800048828125,247.27000427246094,248.02000427246094,49147000,2025-10-17,AAPL,0.019559492412937862,0.23556326520350956,0.01721630892716663,0.02463511210829372,1.0,248.9019989013672,251.50500030517577,1.0136117604507795,1.0031211824019584,0.010159109103809029,0.015015293992642897,46.468641114105246,255.88999938964844,1,0.5,0.4107664988480717,1,23,0.0,0.0,0.0434782608695652,0.2608695652173913
2025-10-20,261.7411193847656,262.239990234375,264.3800048828125,255.6300048828125,255.88999938964844,90483000,2025-10-20,AAPL,0.03943873008454002,0.8410686308421673,0.024815314626881194,0.03419438047938799,2.0,251.8179962158203,252.05999908447265,1.0413870103613347,1.0403871744302067,0.01842803948172328,0.01986075808190254,59.50062330648086,261.8800048828125,0,0.596456582447827,0.4194715239494227,42,65,0.3571428571428571,0.1904761904761904,0.0923076923076923,0.2769230769230769
2025-10-21,262.2701110839844,262.7699890136719,265.2900085449219,261.8299865722656,261.8800048828125,46695900,2025-10-21,AAPL,0.002021044840732289,-0.48392626239183056,0.00339844247084702,0.013212241897599473,3.0,254.8179931640625,252.68899688720703,1.031206571211357,1.0398948598896243,0.018200627875984993,0.0198312083272101,59.205236812888025,262.6499938964844,0,0.6503826004018958,0.4222754591100829,78,106,0.4358974358974359,0.1666666666666666,0.1132075471698113,0.2830188679245283
2025-10-22,257.9583435058594,258.45001220703125,262.8500061035156,255.42999267578125,262.6499938964844,45015300,2025-10-22,AAPL,-0.016440145325788524,-0.03599031178326151,-0.015990793021333258,0.02825057529092786,-1.0,256.63999633789064,252.72799835205078,1.0070527427328886,1.0226409970097958,0.022338418896660227,0.02065154457863914,51.55661599585421,259.94000244140625,1,0.6119367135852325,0.4298720806029134,126,144,0.4285714285714285,0.2222222222222222,0.1111111111111111,0.2638888888888889
2025-10-23,259.0861511230469,259.5799865722656,260.6199951171875,258.010009765625,259.94000244140625,32754900,2025-10-23,AAPL,0.004372119604812541,-0.2723607306849005,-0.001384996021232927,0.010040722193771709,1.0,259.0659942626953,253.28199768066406,1.0019840207551483,1.024865521234328,0.020929768234378972,0.01989238255827913,51.82927003830452,261.19000244140625,1,0.5703345145670013,0.4423223559081383,167,168,0.3892215568862275,0.2574850299401197,0.119047619047619,0.244047619047619
2025-10-24,262.32000732421875,262.82000732421875,264.1300048828125,259.17999267578125,261.19000244140625,38253700,2025-10-24,AAPL,0.012481781799657865,0.16787717257570622,0.006240686349310653,0.01895176752847462,2.0,261.1719970703125,255.03699798583983,1.0063100572511323,1.0305171775069712,0.020334749926220627,0.015219546370145321,56.879927004299184,264.8800048828125,1,0.5815343029837893,0.4431487257398058,197,178,0.3857868020304568,0.2284263959390862,0.1123595505617977,0.2303370786516854
2025-10-27,268.2986145019531,268.80999755859375,269.1199951171875,264.6499938964844,264.8800048828125,44888200,2025-10-27,AAPL,0.02279122619072771,0.17343420375022545,0.014836879354181327,0.01687557059159951,3.0,262.4859985351562,257.1519973754883,1.024092709930166,1.045335055928353,0.014503816823847873,0.016015735863222403,62.249160356073304,268.989990234375,1,0.5688118031375738,0.4595669421845133,194,185,0.3711340206185567,0.2268041237113402,0.1405405405405405,0.227027027027027
2025-10-28,268.4882507324219,269.0,269.8900146484375,268.1499938964844,268.989990234375,41534800,2025-10-28,AAPL,0.0007068280314419528,-0.07470560191765319,3.721240934013322e-05,0.006468719339470658,4.0,263.73200073242185,259.2749969482422,1.0199748200936867,1.0375084491995932,0.014584009632438643,0.016001551909123085,61.17696724500893,269.2799987792969,1,0.5358912875958873,0.4689189909387406,158,144,0.3354430379746835,0.2468354430379747,0.1388888888888889,0.2083333333333333
2025-10-29,269.1869201660156,269.70001220703125,271.4100036621094,267.1099853515625,269.2799987792969,51086700,2025-10-29,AAPL,0.0026022758625696696,0.2299734198792338,0.001559764667403389,0.0159685766861251,5.0,265.98200073242185,261.3109985351563,1.0139784326171368,1.0321035613460654,0.009118779290222688,0.01609753163157431,67.1635645667914,271.989990234375,1,0.5299694578159888,0.4753203184342255,110,106,0.3,0.2181818181818181,0.1509433962264151,0.2075471698113207
2025-10-30,270.8836669921875,271.3999938964844,274.1400146484375,268.4800109863281,271.989990234375,69886500,2025-10-30,AAPL,0.006303231785351748,0.36799793292579097,-0.0021691840107138593,0.020809602799103467,6.0,268.34600219726565,263.7059982299805,1.0113807982016205,1.0291764150916047,0.008934458984343823,0.015177366831213332,83.89108810172858,276.989990234375,1,0.5831588579236595,0.4631143605887829,68,82,0.3235294117647059,0.1323529411764706,0.1463414634146341,0.2317073170731707
2025-10-31,269.85565185546875,270.3699951171875,277.32000732421875,269.1600036621094,276.989990234375,86167100,2025-10-31,AAPL,-0.0037951319176879883,0.2329577243101315,-0.023899762989940513,0.029459561535796982,-1.0,269.8559997558594,265.5139984130859,1.0019047023664218,1.0182890421338413,0.010212207659855633,0.015234322542610411,80.53243779951421,270.4200134277344,1,0.5352212785181998,0.4889271572582929,38,49,0.2894736842105263,0.1842105263157894,0.2244897959183673,0.2653061224489796
2025-11-19,268.3089294433594,268.55999755859375,272.2099914550781,265.5,265.5299987792969,40424500,2025-11-19,AAPL,0.004187836924032684,-0.11499804060222474,0.011411135439409798,0.02527018222395027,1.0,269.7640014648438,270.5209991455078,0.9955368251519396,0.9927510189851869,0.0085280584659781,0.009992478565426026,43.179656157518494,270.8299865722656,1,0.4528246095121355,0.4729174590714225,3,53,0.3333333333333333,0.3333333333333333,0.1698113207547169,0.1886792452830188
2025-11-20,266.0010986328125,266.25,275.42999267578125,265.9200134277344,270.8299865722656,45823600,2025-11-20,AAPL,-0.008601420835542606,0.13356009350764997,-0.016910928624380914,0.035114203447000225,-1.0,268.4239990234375,270.16900024414065,0.9919008768539818,0.9854942638104327,0.008721075499659146,0.010315528612789915,40.678759524644626,265.95001220703125,0,0.5982160601225401,0.5150595244871192,45,84,0.4222222222222222,0.2444444444444444,0.2261904761904762,0.1904761904761904
2025-11-21,271.2361755371094,271.489990234375,273.3299865722656,265.6700134277344,265.95001220703125,59030800,2025-11-21,AAPL,0.019680714495305063,0.2882182979949197,0.020830899691898126,0.02880230416597339,1.0,268.2399963378906,270.4709991455078,1.0121159929199766,1.003767468941537,0.014206299704848145,0.012127800366664818,54.6887021711798,270.8999938964844,0,0.6289822977531012,0.5103474579095354,81,131,0.4320987654320987,0.1975308641975308,0.2366412213740458,0.2137404580152671
2025-11-24,275.6620788574219,275.9200134277344,277.0,270.8999938964844,270.8999938964844,65585800,2025-11-24,AAPL,0.0163174457722548,0.11104372632591808,0.01853089569713404,0.02251755718328493,2.0,269.9320007324219,271.1200012207031,1.0221834116705868,1.0177043825074485,0.011689135570973203,0.013041762756853342,59.97963424513076,275.2699890136719,0,0.592519057248423,0.5028536990318534,145,189,0.3862068965517241,0.2206896551724138,0.2169312169312169,0.2169312169312169
2025-11-25,276.7110900878906,276.9700012207031,280.3800048828125,275.25,275.2699890136719,46914200,2025-11-25,AAPL,0.003805406428931457,-0.2846896736793635,0.006175799305702065,0.018636266529431608,3.0,271.83800048828124,271.29200134277346,1.0188788937646822,1.0209294776470597,0.011281654575611552,0.011227544978996801,61.229835168970624,276.9599914550781,0,0.5908559333410064,0.5118410101320823,193,209,0.3937823834196891,0.233160621761658,0.2200956937799043,0.2057416267942583
2025-11-26,277.29052734375,277.54998779296875,279.5299987792969,276.6300048828125,276.9599914550781,33431400,2025-11-26,AAPL,0.0020940411225383038,-0.2873927297065707,0.0021302583625560237,0.010470804397590195,4.0,273.63599853515626,271.7,1.014303634312609,1.0215310555501242,0.01145330643035722,0.010944900813375328,62.70412765172845,277.260009765625,0,0.5842170256027502,0.5227926732911253,241,196,0.3775933609958506,0.2282157676348547,0.2346938775510204,0.2091836734693877
2025-11-28,278.5893249511719,278.8500061035156,279.0,275.989990234375,277.260009765625,20135600,2025-11-28,AAPL,0.004683906927485104,-0.3977039549644945,0.0057346760509555264,0.010856270863473743,5.0,276.1559997558594,272.2899993896484,1.009755378662922,1.0240919854881625,0.008068877969981271,0.010913175424911875,66.94971675058504,278.010009765625,0,0.5595534409864908,0.5142073924550576,163,118,0.3496932515337423,0.2453987730061349,0.2033898305084746,0.1949152542372881
2025-12-01,282.8353576660156,283.1000061035156,283.4200134277344,276.1400146484375,278.010009765625,46587700,2025-12-01,AAPL,0.015241168753721723,1.3136981267009675,0.0183086801161646,0.026186103102669733,6.0,278.4780029296875,273.35899963378904,1.0165973725938962,1.0356344824307095,0.00678543037700895,0.011523079989341102,70.1563137001502,283.0,0,0.5680758959371501,0.5415440029804277,99,60,0.3636363636363636,0.2424242424242424,0.2333333333333333,0.1666666666666666
2025-12-02,285.9224548339844,286.19000244140625,287.3999938964844,282.6300048828125,283.0,53669500,2025-12-02,AAPL,0.010914857899228636,0.1520100799137969,0.01127209343253092,0.01685508485396422,7.0,280.53200073242186,275.23200073242185,1.0201688281344456,1.0398136905585977,0.005528924695776342,0.008638122255503455,67.54330502120962,286.20001220703125,1,0.5513643502742152,0.5062995485735705,51,28,0.3137254901960784,0.2156862745098039,0.25,0.25
2025-12-18,271.935546875,272.19000244140625,273.6300048828125,266.95001220703125,273.6099853515625,51630700,2025-12-18,AAPL,0.001287544541755281,0.029757452825861064,-0.005189806608599129,0.02441428688064181,1.0,274.20599365234375,276.1689971923828,0.9926478951678441,0.9855921743880443,0.007800250459793201,0.006170935522911742,37.546749264166294,272.1499938964844,0,0.4926511549458873,0.5702877460520965,57,20,0.2982456140350877,0.2982456140350877,0.25,0.15
2025-12-19,273.4141845703125,273.6700134277344,274.6000061035156,269.8999938964844,272.1499938964844,144632000,2025-12-19,AAPL,0.005437418615868328,1.8012790839558637,0.005585227137018266,0.01726993317081961,2.0,273.28399658203125,275.6579986572266,1.0014125117113737,0.992788218592691,0.008749937951695916,0.006544592156683034,30.329619963078486,272.8599853515625,0,0.5090915621125823,0.536914416138243,89,72,0.2921348314606741,0.247191011235955,0.2638888888888889,0.1805555555555555
2025-12-22,270.7166748046875,270.9700012207031,273.8800048828125,270.510009765625,272.8599853515625,36571800,2025-12-22,AAPL,-0.009865941003960987,-0.7471389457381492,-0.006926571253840142,0.012350638782177894,-1.0,272.6559997558594,274.96599731445315,0.9938163893819834,0.9854673082025478,0.007204600593206577,0.007021921039228105,17.726949762576822,270.8399963378906,0,0.5148217055631531,0.519335893959412,142,133,0.2887323943661972,0.2323943661971831,0.2556390977443609,0.2105263157894736
2025-12-23,272.1053771972656,272.3599853515625,272.5,269.55999755859375,270.8399963378906,29642000,2025-12-23,AAPL,0.005129660569795913,-0.18948479429505793,0.005612129058573717,0.010855126573471093,1.0,272.20599975585935,274.48399658203124,1.000565695083287,0.9922618030307134,0.007802313829340155,0.007423775919310007,24.29132878431561,272.3399963378906,0,0.5199030686114252,0.5130337695184055,173,174,0.2832369942196532,0.2196531791907514,0.2528735632183908,0.2126436781609195
2025-12-24,273.55401611328125,273.80999755859375,275.42999267578125,272.20001220703125,272.3399963378906,17910600,2025-12-24,AAPL,0.005323881205087977,-0.3957695162269752,0.005397669238708894,0.011860103224583224,2.0,272.6,273.98699645996095,1.0044387291217671,0.9993539879495957,0.006567390928866153,0.007374614674629259,33.54037991589826,274.1600036621094,1,0.5448999380411138,0.5014856185056074,179,216,0.2960893854748603,0.1787709497206704,0.2314814814814814,0.2222222222222222
2025-12-26,273.1444091796875,273.3999938964844,275.3699951171875,272.8599853515625,274.1600036621094,21521800,2025-12-26,AAPL,-0.0014974020881820538,0.20162361953256736,-0.0027721394640834625,0.009155273315207864,-1.0,272.8419982910156,273.5239959716797,1.002045123584213,0.9995466501037511,0.0067026448339104336,0.00736776647687556,36.14831949411963,272.69000244140625,0,0.5622238750106808,0.5037306129100293,149,177,0.3221476510067114,0.1812080536912751,0.231638418079096,0.2203389830508474
2025-12-29,273.50408935546875,273.760009765625,274.3599853515625,272.3500061035156,272.69000244140625,23715200,2025-12-29,AAPL,0.0013168100847762432,0.10191526731035516,0.003923896419520059,0.007370931204119834,1.0,272.85999755859376,273.0719970703125,1.0032984395480615,1.0025195285591124,0.006243736684200574,0.007385006051724369,39.0683209744907,272.80999755859375,0,0.5830815022358701,0.5064351944002315,96,116,0.34375,0.1666666666666666,0.2241379310344827,0.2068965517241379
2025-12-30,272.82470703125,273.0799865722656,274.0799865722656,272.2799987792969,272.80999755859375,22139600,2025-12-30,AAPL,-0.0024840121606569676,-0.06643840237484822,0.0009896595289323558,0.006597953920593218,-1.0,273.28199462890626,272.9689971923828,0.9992608072957205,1.00040660068002,0.003628709724319891,0.005745835806891597,39.13046292355912,273.05999755859375,0,0.6021119313051493,0.5140037406776815,65,75,0.3846153846153846,0.1692307692307692,0.2133333333333333,0.2
2025-12-31,271.6058349609375,271.8599853515625,273.67999267578125,271.75,273.05999755859375,27293600,2025-12-31,AAPL,-0.004467559984957958,0.23279553379464857,-0.004394683284847496,0.007068016893859044,-2.0,273.18199462890624,272.6939971923828,0.9951607012785028,0.9969415834253516,0.0038011624567809233,0.0058238608128275676,31.27709291476414,272.260009765625,1,0.6123817107658965,0.5908261469641659,32,33,0.40625,0.1875,0.303030303030303,0.1212121212121212
2026-01-20,246.46937561035156,246.6999969482422,254.7899932861328,243.4199981689453,252.72999572753906,80267500,2026-01-20,AAPL,-0.03455563680678142,0.11261969316411347,-0.02385945032736693,0.04498870458354759,-4.0,256.2899932861328,258.27999420166014,0.9625814640090768,0.9551649469049603,0.014292696358955918,0.011458103017065908,6.467120666792027,248.6999969482422,1,0.5339673731487296,0.5767931875398195,27,13,0.3703703703703703,0.3333333333333333,0.3076923076923077,0.1538461538461538
2026-01-21,247.41848754882812,247.64999389648438,251.55999755859375,245.17999267578125,248.6999969482422,54641700,2026-01-21,AAPL,0.0038508186461043703,-0.31925499112343103,-0.00422196648428722,0.025653417616005297,1.0,253.60999450683593,256.80899505615236,0.9764993464790643,0.9643353568761666,0.01448086624589567,0.011363447412669658,9.44172689883429,249.1999969482422,1,0.4548271072153194,0.4937042866469604,73,66,0.3424657534246575,0.4246575342465753,0.2424242424242424,0.2424242424242424
2026-01-22,248.1178436279297,248.35000610351562,251.0,248.14999389648438,249.1999969482422,39708300,2026-01-22,AAPL,0.002826619116832463,-0.2732967678531232,-0.003410878230881769,0.011436621743248093,2.0,251.28799743652343,255.61099700927736,0.9883082703392948,0.9715935895140764,0.015533429197956977,0.011640080823935646,11.871532988331438,247.32000732421875,0,0.5284845006823813,0.4711048686488933,117,141,0.376068376068376,0.3418803418803419,0.1773049645390071,0.2340425531914893
2026-01-23,247.80812072753906,248.0399932861328,249.41000366210938,244.67999267578125,247.32000732421875,41689000,2026-01-23,AAPL,-0.0012482899527435087,0.04988125908185448,0.0029111513043512597,0.019125064071858208,-1.0,249.25399780273438,254.51099548339843,0.9951294481641079,0.9745747637151193,0.015922125721570993,0.01168778131159544,12.083160166944992,251.47999572753906,1,0.532080235342968,0.4864183704429246,176,187,0.3579545454545454,0.3011363636363636,0.2032085561497326,0.2406417112299465
2026-01-26,255.17123413085938,255.41000366210938,256.55999755859375,249.8000030517578,251.47999572753906,55969200,2026-01-26,AAPL,0.02971299216040002,0.34254119791791604,0.015627517104096822,0.02688084389089905,1.0,249.22999877929686,254.11499633789063,1.0247963925413535,1.0050961467952753,0.022919761935592198,0.01589028607461177,32.527270976445394,259.1700134277344,1,0.5142332695210621,0.4832478982860951,244,250,0.3401639344262295,0.3032786885245901,0.192,0.236
2026-01-27,258.0285339355469,258.2699890136719,261.95001220703125,258.2099914550781,259.1700134277344,49648300,2026-01-27,AAPL,0.01119762464490659,-0.11293532871650835,-0.0034727181673487014,0.014430761886717935,2.0,251.54399719238282,253.9169952392578,1.0267388285801349,1.0171433730550898,0.012279563831536916,0.016338474667153352,43.58330580332562,257.6499938964844,0,0.5117778741388177,0.4781167220823044,217,237,0.336405529953917,0.2995391705069124,0.1856540084388185,0.240506329113924
2026-01-28,256.2002868652344,256.44000244140625,258.8599853515625,254.50999450683594,257.6499938964844,41288000,2026-01-28,AAPL,-0.007085556394896275,-0.16839045848498335,-0.004696260367715209,0.016883333777505352,-1.0,253.3019989013672,253.45599670410155,1.0123883883808629,1.011773269427862,0.014294420371271304,0.016397441413703858,43.8585570280633,258.0,1,0.5395937949498294,0.4794972372436109,171,184,0.3391812865497076,0.2514619883040935,0.1739130434782608,0.233695652173913
2026-01-29,258.0385437011719,258.2799987792969,259.6499938964844,254.41000366210938,258.0,67253000,2026-01-29,AAPL,0.007175153331668849,0.6288752179810115,0.0010852665864219961,0.020310039668120155,1.0,255.28799743652343,253.28799743652343,1.0117201018959672,1.0197087954948378,0.014101877307524541,0.016595534868435725,48.82059209080645,255.1699981689453,0,0.5011041825456735,0.4989558540553195,127,109,0.3070866141732283,0.2677165354330709,0.2110091743119266,0.2385321100917431
2026-01-30,259.2374267578125,259.4800109863281,261.8999938964844,252.17999267578125,255.1699981689453,92443400,2026-01-30,AAPL,0.004646167774132071,0.37456172958827105,0.01689075066939962,0.03809225728123263,2.0,257.5760009765625,253.41499938964844,1.0073920318762106,1.0239331200255994,0.0133679194477964,0.016512445113838547,50.16623735466336,260.0299987792969,1,0.4680411226878936,0.4738371317253472,68,63,0.2941176470588235,0.3088235294117647,0.1587301587301587,0.2222222222222222
2026-02-20,264.5799865722656,264.5799865722656,264.75,258.1600036621094,258.9700012207031,42070500,2026-02-20,AAPL,0.015350373037534393,0.36391930050931576,0.021662684191677776,0.025446948707678323,1.0,261.83399658203126,267.28199768066406,1.0104875227284478,0.9898907852685737,0.021988562771433757,0.022564191989086914,54.036068516269765,263.489990234375,0,0.4781840301636411,0.3549312879593806,124,54,0.2338709677419354,0.2661290322580645,0.0555555555555555,0.3148148148148148
2026-02-23,266.17999267578125,266.17999267578125,269.42999267578125,263.3800048828125,263.489990234375,37308200,2026-02-23,AAPL,0.006047343656806037,-0.1131980841682414,0.010209125739514758,0.0229609777114769,2.0,263.91399536132815,266.08799743652344,1.0085861203054074,1.0003457323898262,0.01697194480704637,0.022456870744063922,46.470030331941246,267.8599853515625,1,0.4956086126048845,0.3785960619373352,195,182,0.2615384615384615,0.2615384615384615,0.0604395604395604,0.2967032967032967
2026-02-24,272.1400146484375,272.1400146484375,274.8900146484375,267.7099914550781,267.8599853515625,47014600,2026-02-24,AAPL,0.022390946489790453,0.26016800596115597,0.01597860647702762,0.02680513546633587,3.0,265.5659973144531,265.8399993896484,1.0247547404429196,1.0236985226950552,0.014000701983357693,0.023686994287412028,52.22855448086133,271.7799987792969,0,0.4937703405867219,0.3856489768924651,240,249,0.2541666666666666,0.2583333333333333,0.0682730923694779,0.2931726907630522
2026-02-25,274.2300109863281,274.2300109863281,274.94000244140625,271.04998779296875,271.7799987792969,33714300,2026-02-25,AAPL,0.007679856784716499,-0.2828972276697026,0.009014689153122044,0.014313101280114605,4.0,267.5419982910156,265.89500122070314,1.0249979918593481,1.0313469968497324,0.013775481761477977,0.023802567093382423,47.9364704295697,274.95001220703125,1,0.4948253147477706,0.3856489768924651,231,249,0.2510822510822511,0.2510822510822511,0.0682730923694779,0.2931726907630522
2026-02-26,272.95001220703125,272.95001220703125,276.1099853515625,270.79998779296875,274.95001220703125,32345100,2026-02-26,AAPL,-0.004667610137537803,-0.040611847198369855,-0.007274049504293328,0.019312592554443824,-1.0,270.01600341796876,265.64000244140624,1.0108660551668147,1.027518482526883,0.0102012322151021,0.023744484472070473,47.331420254606385,272.80999755859375,0,0.5063680915009564,0.3856489768924651,169,249,0.2603550295857988,0.2366863905325443,0.0682730923694779,0.2931726907630522
2026-02-27,264.17999267578125,264.17999267578125,272.80999755859375,262.8900146484375,272.80999755859375,72366500,2026-02-27,AAPL,-0.03213049693728531,1.237324973489029,-0.03163375594752153,0.03636224111627599,-2.0,269.9360046386719,265.88500061035154,0.9786763830538447,0.9935874233948648,0.020316052759576046,0.020001504702645192,38.76170240823826,262.4100036621094,0,0.5104315689700151,0.3941554138277807,116,195,0.2758620689655172,0.25,0.0717948717948717,0.2871794871794871
2026-03-02,264.7200012207031,264.7200012207031,266.5299987792969,260.20001220703125,262.4100036621094,41827900,2026-03-02,AAPL,0.002044093269336189,-0.4219991294314358,0.008803008751023852,0.024122504797554872,1.0,269.6440063476563,266.7790008544922,0.9817388667612195,0.9922820026044249,0.020089063740587807,0.018170160896819727,41.618710667856504,263.4800109863281,0,0.485804495174684,0.4048076413974448,45,67,0.2222222222222222,0.2444444444444444,0.0895522388059701,0.2835820895522388
2026-03-24,251.63999938964844,251.63999938964844,254.8300018310547,249.5500030517578,250.35000610351562,45152300,2026-03-24,AAPL,0.0005964209042432778,0.11360402110190626,0.0051527591559131876,0.021090467947157476,2.0,250.00400390625,252.3760009765625,1.0065438771293116,0.9970837100831057,0.011123402989086264,0.012474333052314856,33.58479202858747,254.10000610351562,1,0.4620913535066532,0.4136802737391425,142,94,0.2253521126760563,0.2887323943661972,0.0957446808510638,0.2659574468085106
2026-03-25,252.6199951171875,252.6199951171875,255.0,251.60000610351562,254.10000610351562,28476700,2026-03-25,AAPL,0.00389443542328749,-0.3693189494222886,-0.005824521648083692,0.01338053449356975,3.0,250.54000244140624,251.55700073242187,1.0083020382194963,1.0042256601154835,0.007449729149106143,0.012657639267966824,37.974259572753695,252.1199951171875,0,0.4911201947922687,0.4022248423119237,190,182,0.2526315789473684,0.2578947368421053,0.1153846153846153,0.3131868131868132
2026-03-26,252.88999938964844,252.88999938964844,257.0,250.77000427246094,252.1199951171875,41796700,2026-03-26,AAPL,0.0010688159198788405,0.4677508278698024,0.003054118226930129,0.02471043887115462,4.0,251.3260009765625,251.27000122070314,1.0062229869054884,1.0064472406617389,0.006731511137919222,0.01132171159776698,42.20934787731984,253.89999389648438,1,0.5032127801695397,0.4080424260762566,238,250,0.2731092436974789,0.2478991596638655,0.132,0.312
2026-03-27,248.8000030517578,248.8000030517578,255.49000549316406,248.07000732421875,253.89999389648438,47900000,2026-03-27,AAPL,-0.016173025219509918,0.14602348989274283,-0.020086612711010306,0.02922409746874773,-1.0,251.48800048828124,251.13800201416015,0.9893116274680919,0.9906903816083139,0.010896919091703535,0.010209106818828575,32.12900291541746,250.07000732421875,1,0.5119686727937185,0.4080424260762566,197,250,0.2741116751269035,0.233502538071066,0.132,0.312
2026-03-30,246.6300048828125,246.6300048828125,250.8699951171875,245.50999450683594,250.07000732421875,39446200,2026-03-30,AAPL,-0.008721857485242457,-0.17648851774530272,-0.013756157638473796,0.021434000293374878,-2.0,250.51600036621093,250.51900177001954,0.984488034785332,0.9844762398870757,0.008359607985569456,0.00966477979878818,27.964005895145206,247.91000366210938,1,0.5173655742836474,0.4080424260762566,146,250,0.2945205479452055,0.2397260273972602,0.132,0.312
2026-03-31,253.7899932861328,253.7899932861328,255.47999572753906,247.10000610351562,247.91000366210938,49598100,2026-03-31,AAPL,0.029031294901536553,0.2573606583143624,0.02371824265727336,0.033802547296336624,1.0,250.9459991455078,250.4750015258789,1.0113330921804253,1.0132348208007154,0.017177032964342497,0.013790222267550672,41.082304869751646,254.0800018310547,1,0.5640382237750592,0.4046452614588766,96,156,0.34375,0.1875,0.1538461538461538,0.3397435897435897
2026-04-01,255.6300048828125,255.6300048828125,256.17999267578125,253.3300018310547,254.0800018310547,40059400,2026-04-01,AAPL,0.007250134541771258,-0.19231986709168292,0.006100452773093316,0.011216903432729058,2.0,251.54800109863282,251.04400177001952,1.016227534173802,1.0182677262968194,0.017343105495826724,0.012584847017423786,49.820207882657094,254.1999969482422,0,0.5510792639545703,0.4236130179160886,48,68,0.3541666666666667,0.2083333333333333,0.1764705882352941,0.3088235294117647
2026-04-20,273.04998779296875,273.04998779296875,274.2799987792969,270.2900085449219,270.3299865722656,36590200,2026-04-20,AAPL,0.010435468645202839,-0.404419544177537,0.010061781362816012,0.014759702706190092,2.0,266.38799438476565,262.4509979248047,1.025008609804617,1.0403846430456354,0.01742516769360507,0.016397324985029813,78.39639561627588,271.44500732421875,0,0.6852211034276954,0.5268802707299224,19,104,0.4210526315789473,0.0526315789473684,0.2211538461538461,0.173076923076923
